scorer,heatmap_mhcrnn_tracker,heatmap_mhcrnn_tracker,heatmap_mhcrnn_tracker,heatmap_mhcrnn_tracker,heatmap_mhcrnn_tracker,heatmap_mhcrnn_tracker,heatmap_mhcrnn_tracker,heatmap_mhcrnn_tracker,heatmap_mhcrnn_tracker,heatmap_mhcrnn_tracker,heatmap_mhcrnn_tracker,heatmap_mhcrnn_tracker,heatmap_mhcrnn_tracker,heatmap_mhcrnn_tracker,heatmap_mhcrnn_tracker,heatmap_mhcrnn_tracker,heatmap_mhcrnn_tracker,heatmap_mhcrnn_tracker,heatmap_mhcrnn_tracker,heatmap_mhcrnn_tracker,heatmap_mhcrnn_tracker,heatmap_mhcrnn_tracker,heatmap_mhcrnn_tracker,heatmap_mhcrnn_tracker,heatmap_mhcrnn_tracker,heatmap_mhcrnn_tracker,heatmap_mhcrnn_tracker,heatmap_mhcrnn_tracker,heatmap_mhcrnn_tracker,heatmap_mhcrnn_tracker,heatmap_mhcrnn_tracker,heatmap_mhcrnn_tracker,heatmap_mhcrnn_tracker,heatmap_mhcrnn_tracker,heatmap_mhcrnn_tracker,heatmap_mhcrnn_tracker,heatmap_mhcrnn_tracker,heatmap_mhcrnn_tracker,heatmap_mhcrnn_tracker,heatmap_mhcrnn_tracker,heatmap_mhcrnn_tracker,heatmap_mhcrnn_tracker,heatmap_mhcrnn_tracker,heatmap_mhcrnn_tracker,heatmap_mhcrnn_tracker,heatmap_mhcrnn_tracker,heatmap_mhcrnn_tracker,heatmap_mhcrnn_tracker,heatmap_mhcrnn_tracker,heatmap_mhcrnn_tracker,heatmap_mhcrnn_tracker,heatmap_mhcrnn_tracker,heatmap_mhcrnn_tracker,heatmap_mhcrnn_tracker,heatmap_mhcrnn_tracker,heatmap_mhcrnn_tracker,heatmap_mhcrnn_tracker,heatmap_mhcrnn_tracker,heatmap_mhcrnn_tracker,heatmap_mhcrnn_tracker,heatmap_mhcrnn_tracker,heatmap_mhcrnn_tracker,heatmap_mhcrnn_tracker,heatmap_mhcrnn_tracker,heatmap_mhcrnn_tracker,heatmap_mhcrnn_tracker,heatmap_mhcrnn_tracker,heatmap_mhcrnn_tracker,heatmap_mhcrnn_tracker,heatmap_mhcrnn_tracker,heatmap_mhcrnn_tracker,heatmap_mhcrnn_tracker,heatmap_mhcrnn_tracker,heatmap_mhcrnn_tracker,heatmap_mhcrnn_tracker,heatmap_mhcrnn_tracker,heatmap_mhcrnn_tracker,heatmap_mhcrnn_tracker,heatmap_mhcrnn_tracker,heatmap_mhcrnn_tracker,heatmap_mhcrnn_tracker,heatmap_mhcrnn_tracker,heatmap_mhcrnn_tracker,heatmap_mhcrnn_tracker,heatmap_mhcrnn_tracker,heatmap_mhcrnn_tracker,heatmap_mhcrnn_tracker,heatmap_mhcrnn_tracker,heatmap_mhcrnn_tracker,heatmap_mhcrnn_tracker,heatmap_mhcrnn_tracker,heatmap_mhcrnn_tracker,heatmap_mhcrnn_tracker,heatmap_mhcrnn_tracker,heatmap_mhcrnn_tracker,heatmap_mhcrnn_tracker,heatmap_mhcrnn_tracker,heatmap_mhcrnn_tracker,heatmap_mhcrnn_tracker,heatmap_mhcrnn_tracker,heatmap_mhcrnn_tracker,heatmap_mhcrnn_tracker,heatmap_mhcrnn_tracker,heatmap_mhcrnn_tracker,heatmap_mhcrnn_tracker,heatmap_mhcrnn_tracker,heatmap_mhcrnn_tracker,heatmap_mhcrnn_tracker,heatmap_mhcrnn_tracker,heatmap_mhcrnn_tracker,heatmap_mhcrnn_tracker,heatmap_mhcrnn_tracker,heatmap_mhcrnn_tracker,heatmap_mhcrnn_tracker,heatmap_mhcrnn_tracker,heatmap_mhcrnn_tracker,heatmap_mhcrnn_tracker,heatmap_mhcrnn_tracker,heatmap_mhcrnn_tracker,heatmap_mhcrnn_tracker,heatmap_mhcrnn_tracker,heatmap_mhcrnn_tracker,heatmap_mhcrnn_tracker,heatmap_mhcrnn_tracker,heatmap_mhcrnn_tracker,heatmap_mhcrnn_tracker,heatmap_mhcrnn_tracker,heatmap_mhcrnn_tracker,heatmap_mhcrnn_tracker,heatmap_mhcrnn_tracker,heatmap_mhcrnn_tracker,heatmap_mhcrnn_tracker,heatmap_mhcrnn_tracker,heatmap_mhcrnn_tracker,heatmap_mhcrnn_tracker
bodyparts,head_main,head_main,head_main,chin_base_main,chin_base_main,chin_base_main,chin1_4_main,chin1_4_main,chin1_4_main,chin_half_main,chin_half_main,chin_half_main,chin3_4_main,chin3_4_main,chin3_4_main,chin_tip_main,chin_tip_main,chin_tip_main,mid_main,mid_main,mid_main,fork_main,fork_main,fork_main,stripeA_main,stripeA_main,stripeA_main,stripeP_main,stripeP_main,stripeP_main,tail_neck_main,tail_neck_main,tail_neck_main,dorsal_main,dorsal_main,dorsal_main,anal_main,anal_main,anal_main,caudal_d_main,caudal_d_main,caudal_d_main,caudal_v_main,caudal_v_main,caudal_v_main,head_top,head_top,head_top,chin_base_top,chin_base_top,chin_base_top,chin1_4_top,chin1_4_top,chin1_4_top,chin_half_top,chin_half_top,chin_half_top,chin3_4_top,chin3_4_top,chin3_4_top,chin_tip_top,chin_tip_top,chin_tip_top,mid_top,mid_top,mid_top,fork_top,fork_top,fork_top,stripeA_top,stripeA_top,stripeA_top,stripeP_top,stripeP_top,stripeP_top,tail_neck_top,tail_neck_top,tail_neck_top,dorsal_top,dorsal_top,dorsal_top,anal_top,anal_top,anal_top,caudal_d_top,caudal_d_top,caudal_d_top,caudal_v_top,caudal_v_top,caudal_v_top,head_right,head_right,head_right,chin_base_right,chin_base_right,chin_base_right,chin1_4_right,chin1_4_right,chin1_4_right,chin_half_right,chin_half_right,chin_half_right,chin3_4_right,chin3_4_right,chin3_4_right,chin_tip_right,chin_tip_right,chin_tip_right,mid_right,mid_right,mid_right,fork_right,fork_right,fork_right,stripeA_right,stripeA_right,stripeA_right,stripeP_right,stripeP_right,stripeP_right,tail_neck_right,tail_neck_right,tail_neck_right,dorsal_right,dorsal_right,dorsal_right,anal_right,anal_right,anal_right,caudal_d_right,caudal_d_right,caudal_d_right,caudal_v_right,caudal_v_right,caudal_v_right
coords,x,y,likelihood,x,y,likelihood,x,y,likelihood,x,y,likelihood,x,y,likelihood,x,y,likelihood,x,y,likelihood,x,y,likelihood,x,y,likelihood,x,y,likelihood,x,y,likelihood,x,y,likelihood,x,y,likelihood,x,y,likelihood,x,y,likelihood,x,y,likelihood,x,y,likelihood,x,y,likelihood,x,y,likelihood,x,y,likelihood,x,y,likelihood,x,y,likelihood,x,y,likelihood,x,y,likelihood,x,y,likelihood,x,y,likelihood,x,y,likelihood,x,y,likelihood,x,y,likelihood,x,y,likelihood,x,y,likelihood,x,y,likelihood,x,y,likelihood,x,y,likelihood,x,y,likelihood,x,y,likelihood,x,y,likelihood,x,y,likelihood,x,y,likelihood,x,y,likelihood,x,y,likelihood,x,y,likelihood,x,y,likelihood,x,y,likelihood,x,y,likelihood
0,284.4844647628797,327.6041502174056,1.0,290.95205350509315,355.9444854657228,1.0,290.1201680753728,360.8275292443664,1.0,288.7582398616925,363.98797236268024,1.0,287.60558064004994,366.7445787624059,1.0,286.8776730026253,369.0562424705901,1.0,275.8237514522546,303.93633725059516,1.0,227.50997955785928,243.85568843112492,1.0,264.08808630163435,284.61417533363954,1.0,253.6541229659586,270.67883499369356,1.0,244.5921095611846,259.99052818372246,1.0,264.80503968003813,250.6356205812615,1.0,239.90845368899204,296.6221546507915,1.0,222.85242464217606,221.75696489229,1.0,207.81311041567804,244.5881415759905,1.0,280.6511583241528,101.33979162512622,1.0,295.64013875297627,119.33241933217883,1.0,295.9871143154894,119.76735381420816,1.0,296.0677474925903,119.4930750814484,1.0,295.71549348583886,119.05500812619898,1.0,294.7132426596652,119.59869921597992,1.0,269.1210150912018,87.36833716762376,1.0,224.59267036853672,44.38353121184924,1.0,260.03626434664807,78.50325434119044,1.0,249.64197710420282,66.58621952021929,1.0,240.20717387908692,58.73202948592227,1.0,248.73134053083112,69.19344580367897,1.0,244.28245281773607,61.42335960516446,1.0,215.87204575872937,31.980724447820748,1.0,219.08580651532228,35.43296323611976,1.0,389.7187993909933,323.2474655751574,1.0,379.0445600860834,355.48471119873705,1.0,379.63886544107174,359.7361026590131,1.0,380.43663147075375,363.2400704487732,1.0,381.8336297434104,366.6650230238017,1.0,383.18540516027684,369.92004142476327,1.0,401.2867488825813,300.13650280364726,1.0,440.6429799812935,248.4636075797577,1.0,412.4669120187633,284.31410086462034,1.0,420.86471820771027,273.1897134322708,1.0,426.6500444923732,264.0020748883579,1.0,409.8905062836668,255.4357468415676,1.0,428.6252265693753,294.0418396351322,1.0,449.7868656747694,226.6725155640412,1.0,456.9674265796364,250.86225609940976,1.0
1,284.5043982805544,327.65509428886634,1.0,290.9574727900902,355.9829147591108,1.0,290.1311262308072,360.84930488287233,1.0,288.7582258216269,363.9906444090552,1.0,287.5675339077787,366.7544979339863,1.0,286.8157741448431,369.0351752466477,1.0,275.84747097728757,303.9662713843984,1.0,227.54314535599488,243.8084360155238,1.0,264.1547612933474,284.62113101965144,1.0,253.77039807363835,270.65661962540173,1.0,244.65551883380408,259.9863387770818,1.0,265.0470637225521,250.6837478938991,1.0,239.95648192486055,296.61299575663395,1.0,222.83435042805894,221.74357826621804,1.0,207.8306426923643,244.57480118107452,1.0,280.67138778052623,101.3745901582909,1.0,295.65543614913275,119.3462390086579,1.0,296.030445600653,119.76333986602222,1.0,296.0630571108797,119.50476846592716,1.0,295.6983252972526,119.08243787768642,1.0,294.6886020856304,119.62526789875783,1.0,269.15746127687146,87.42464843919237,1.0,224.5800353530287,44.479139830661175,1.0,260.09305850977006,78.55882686092878,1.0,249.74985970670505,66.69818608992698,1.0,240.2896607239567,58.77422393317566,1.0,248.91245657646735,69.5024422310389,1.0,244.27336973842205,61.44835406966198,1.0,215.80522004760167,32.11404440052583,1.0,219.01222219361097,35.56382552722321,1.0,389.6822761112075,323.30171763519724,1.0,379.0373942765223,355.517949031125,1.0,379.63883703343726,359.77025508476174,1.0,380.4291949076525,363.2409844156394,1.0,381.8141505916915,366.6762869414941,1.0,383.1591466421623,369.9196830408178,1.0,401.2437155364224,300.1719325931526,1.0,440.5519735840038,248.4861296019578,1.0,412.43092109684136,284.3213351661717,1.0,420.82204859127944,273.19683061509056,1.0,426.6231714178446,264.0111656749349,1.0,409.9356499439377,255.43014996246356,1.0,428.58677076544114,294.09424983797277,1.0,449.68180567349384,226.67496586617466,1.0,456.8589992181165,250.8299450051559,1.0
2,284.56104683772304,327.7960105628242,1.0,290.96430957877294,356.11407089616205,1.0,290.1433325566908,360.9218395788123,1.0,288.7520282165481,364.01900906063617,1.0,287.47566146556295,366.79529689477175,1.0,286.6726835789532,368.97363184941236,1.0,275.9282186812952,304.07499540642357,1.0,227.5979878964349,243.7148528541399,1.0,264.29504744823566,284.63907851388655,1.0,254.01959656285277,270.61434709551366,1.0,244.79477141559374,259.96475474706233,1.0,265.6324516330508,250.7876140497896,1.0,240.2080077819678,296.5899352518109,1.0,222.7960854890129,221.6844097980223,1.0,207.87670287951076,244.5560060370153,1.0,280.7172693615928,101.44810727395473,1.0,295.70592825511005,119.38026554157021,1.0,296.12387429123083,119.75974957745223,1.0,296.0575427576893,119.5355616050807,1.0,295.6605228701959,119.14723541405445,1.0,294.6307843118519,119.6788392860527,1.0,269.2473615533267,87.56480331372083,1.0,224.52678184661576,44.689923787236005,1.0,260.21064928529415,78.67569396625186,1.0,249.98077043769666,66.95227895316113,1.0,240.47516951132005,58.86838901365949,1.0,249.3302882520441,70.13990937954223,1.0,244.27066879568403,61.25977763612034,1.0,215.56318949307808,32.55993361950539,1.0,218.8917601208841,35.882495663173685,1.0,389.6040386040074,323.43772184744626,1.0,379.02934033786244,355.6279601734659,1.0,379.63816715125813,359.8596108372212,1.0,380.41425060185117,363.26156602443206,1.0,381.76793270666263,366.71406089434066,1.0,383.0969990289875,369.9089399202441,1.0,401.1456113300601,300.2803424162411,1.0,440.34981874416883,248.54607104901217,1.0,412.3562838586996,284.3401268535961,1.0,420.73080618155154,273.222765410935,1.0,426.5716448036423,264.0180003803422,1.0,410.0753654179473,255.4075627889287,1.0,428.5833156722737,294.2707771483664,1.0,449.3186183258805,226.66461268480168,1.0,456.6037809691615,250.7950923255774,1.0
3,284.6941781697446,328.11987944646927,1.0,290.959047506851,356.508792677632,1.0,290.1242148231215,361.1349143742862,1.0,288.6895059173623,364.2820895410031,1.0,287.289348700184,366.9278752618626,1.0,286.40997081081747,368.8250832889079,1.0,276.14882361350607,304.3834995508846,1.0,227.63657319671057,243.58043857034556,1.0,264.5201049498308,284.6776332336261,1.0,254.4329154706618,270.5756473445199,1.0,245.03645747882734,259.8845927563065,1.0,266.7936861262909,250.95896214976287,1.0,241.5601961404673,296.8322855114213,1.0,222.717528195858,221.48033810369697,1.0,207.97819520381458,244.5508906939479,1.0,280.80045628063266,101.56766658846267,1.0,295.85567822596374,119.45150889605311,1.0,296.28304975778525,119.7715643581838,1.0,296.0932570306745,119.64205811452857,1.0,295.59527707865385,119.27340832990146,1.0,294.52135112726626,119.75787849779138,1.0,269.4306337860198,87.85310438861228,1.0,224.3432380162224,45.060353431299596,1.0,260.3935366865617,78.86228659411746,1.0,250.35349479539207,67.412171153308,1.0,240.80266949474645,59.02101836092984,1.0,250.10294287665798,71.10087947875431,1.0,244.32664472729255,59.163845517968966,1.0,214.78697551088783,33.889472606894245,1.0,218.79602104761648,36.51850773081352,1.0,389.47315465320867,323.72033211135,1.0,379.043682855516,355.95242519902456,1.0,379.63466021607445,360.06685549749074,1.0,380.40000239026733,363.4732512893791,1.0,381.67760086532684,366.82229167968586,1.0,382.97782707845664,369.8613032642565,1.0,400.96415460453375,300.55407233626954,1.0,439.98710383618453,248.68125252586594,1.0,412.2367985347342,284.38205740052956,1.0,420.5721851937501,273.3164040666301,1.0,426.50956349794365,263.98162128175943,1.0,410.4360998028326,255.33764849314778,1.0,429.1694368326355,295.13256927829696,1.0,448.21335288582577,226.59581375057658,1.0,456.1160963375663,250.83163109153497,1.0
4,284.84949290959105,328.4902317673023,1.0,290.95862716021435,356.88797329226213,1.0,290.08990405859447,361.38980934978144,1.0,288.55854943734977,364.58323639738205,1.0,287.03844569757155,367.1087173563945,1.0,286.204218715139,368.7782769203455,1.0,276.3738266951054,304.67229497164664,1.0,227.77322222936172,243.30017277144316,1.0,264.79923439606176,284.75990433254475,1.0,254.90558899601191,270.58441348265825,1.0,245.4325514621743,259.6678578394008,1.0,268.06755774376273,251.14891608011072,1.0,242.6572822688134,296.6642493276592,1.0,222.50535564684924,221.31728740678656,1.0,207.9691532922655,244.70407417370834,1.0,280.9084786019531,101.7230158058548,1.0,295.9874441423867,119.54152481358734,1.0,296.44515078811776,119.80223845705731,1.0,296.1141206635406,119.76978080772072,1.0,295.5235805892497,119.41777261735558,1.0,294.44659343731064,119.84555091371986,1.0,269.61228141897647,88.12320406935532,1.0,224.02887036046192,45.34341332685881,1.0,260.59866617123276,79.0837159914663,1.0,250.74959990200995,67.93556044695634,1.0,241.31636882859726,59.19222252089665,1.0,250.9468073320083,72.18780816351034,1.0,244.42472843571247,57.78680293426958,1.0,213.96096699649607,35.431158813998486,1.0,218.59595508236634,37.51299513455481,1.0,389.31210281052137,324.0477496308536,1.0,379.033085086274,356.2576743770309,1.0,379.6179384239178,360.3023608383179,1.0,380.36558781953266,363.715665253317,1.0,381.58124594105504,366.9783593933697,1.0,382.8997228510476,369.8808921159078,1.0,400.7392466238274,300.82617595921715,1.0,439.62999229664405,248.6340388985227,1.0,412.06143857083623,284.4876262788948,1.0,420.3656494136384,273.4904815420097,1.0,426.46795770270245,263.81491412278154,1.0,410.79904859796426,255.2600452323824,1.0,429.52376343626486,295.6365180121424,1.0,446.9924998964392,226.60831905200467,1.0,455.3511058813975,251.0954259288745,1.0
5,285.02661916831863,328.9249315827831,1.0,290.94105993716585,357.3629293187873,1.0,290.0115874805201,361.69229016756145,1.0,288.3432953481819,364.91637201842167,1.0,286.7265068655592,367.26392949299697,1.0,285.87055995734977,368.70356597803334,1.0,276.60240018361804,304.9562652730069,1.0,227.9473093817006,243.0436173130903,1.0,265.0824221010055,284.85927241412344,1.0,255.3450066622545,270.59782143499956,1.0,245.78057179477233,259.66454436921185,1.0,269.3787985586125,251.3534050487001,1.0,243.73874362377467,296.19000085403826,1.0,222.41071047992267,221.16797883992916,1.0,208.5632524696192,244.42183973159536,1.0,281.020347312827,101.88717669752556,1.0,296.12547150658105,119.66646441097552,1.0,296.54393201482264,119.8944331281165,1.0,296.1091783949503,119.92667737938623,1.0,295.42895540284184,119.58764263640022,1.0,294.32440672248543,119.99119597403819,1.0,269.7881409322105,88.37789489667192,1.0,223.90379642496742,45.676020709229675,1.0,260.79630808914885,79.30147339466974,1.0,251.09115539812478,68.2972312193319,1.0,241.73878245413385,59.38208610632911,1.0,251.81987901712967,73.40731168026848,1.0,244.57780853687728,56.630579353785194,1.0,213.5067790720272,36.92808047181073,1.0,219.23551158330244,38.26685354799905,1.0,389.13050494927853,324.4315768323556,1.0,379.0095129608188,356.6200388165976,1.0,379.5554539586782,360.54091855316295,1.0,380.29995225096644,363.98293821313354,1.0,381.47351607353994,367.1341338772568,1.0,382.77198550393,369.91305181883973,1.0,400.50346906921004,301.0973496313375,1.0,439.273521555258,248.63391738656048,1.0,411.8616373203739,284.62344290545093,1.0,420.1474339857707,273.6248512910899,1.0,426.31231529455766,263.8783676197526,1.0,411.11051785135265,255.18325758936103,1.0,429.8167240074672,295.9409028877423,1.0,445.8080935039602,226.67308335485228,1.0,454.8727404584367,251.06269771833806,1.0
6,285.18081547578566,329.3114835035874,1.0,290.9061277851621,357.8164844927973,1.0,289.7949837139319,362.22105331099823,1.0,288.0145095828092,365.29546402343624,1.0,286.42501829091884,367.259670561077,1.0,285.414566063173,368.58550739675417,1.0,276.8422552720438,305.24408636832175,1.0,228.0802454308412,242.86930551282583,1.0,265.33544441033814,285.0751914988028,1.0,255.75213507703842,270.6876433496482,1.0,246.10980900820098,259.8477268070262,1.0,270.5189783863218,251.55769498961826,1.0,244.59011050756988,295.8933363520617,1.0,222.49394593406382,221.0144642217749,1.0,208.97363611592593,244.28628220605265,1.0,281.12703406287557,102.0540893683599,1.0,296.2109665785342,119.8212005546363,1.0,296.54554549759973,120.09884945353664,1.0,296.0603218900728,120.14379484637796,1.0,295.3198240727234,119.73944762694867,1.0,294.1556956255426,120.18224297796903,1.0,269.9511968163607,88.6041662906875,1.0,223.90814491620668,46.121225866598884,1.0,260.89293094103186,79.4596677706248,1.0,251.35340358642074,68.57491008843914,1.0,242.05385545885784,59.50723931308514,1.0,252.61642858655938,74.71162293288619,1.0,244.68513133758722,55.66529964372965,1.0,213.42910616227317,38.23298607103214,1.0,219.67549750608714,39.082092429384396,1.0,388.94479470432793,324.7890769021049,1.0,378.9515307821481,356.9340737022711,1.0,379.4328697883151,360.87701267506986,1.0,380.1784184859608,364.283707500866,1.0,381.38726296149787,367.19679113141837,1.0,382.594842152496,369.94434860296036,1.0,400.2610723409844,301.37144408790954,1.0,438.873556802554,248.77687773769722,1.0,411.58496327231177,284.9415552038978,1.0,419.8983434268921,273.8324434664915,1.0,426.05543565412154,264.1300155548459,1.0,411.2953478703686,255.13379079501908,1.0,430.06457592711314,296.22643577210545,1.0,444.74982479711684,226.74193659392267,1.0,454.324410410815,251.16199485720415,1.0
7,285.33715787178767,329.70516696549925,1.0,290.8312057935029,358.4270522311658,1.0,289.54820492240736,362.7839102389148,1.0,287.68611349834947,365.4980635444178,1.0,285.9743343647995,367.35610498292755,1.0,284.8568974797203,368.5077407565899,1.0,277.08597945508063,305.52603501175145,1.0,228.3103481779147,242.65089046542923,1.0,265.56724690507934,285.28834707556126,1.0,256.146483815656,270.75446654098556,1.0,246.528700099357,259.9492791058163,1.0,271.2706344277885,251.7662088813492,1.0,245.32924652872651,295.5394115777954,1.0,222.56827439515519,220.86508833830808,1.0,209.37033900543628,244.18870085866934,1.0,281.234445301173,102.22312541919129,1.0,296.3045613914143,120.02033500024592,1.0,296.50710643496217,120.33999014887353,1.0,295.9460397846473,120.34922528244188,1.0,295.1814376012727,119.95363326383699,1.0,293.95877276298955,120.44344469962594,1.0,270.09079467268054,88.7853978459372,1.0,224.05962031185706,46.459424181869345,1.0,260.9708919783394,79.59567091888115,1.0,251.60826224492342,68.78891775516495,1.0,242.41367024984908,59.53549027760241,1.0,253.24856963881743,76.24545277390915,1.0,244.7942982221852,54.900026335009755,1.0,213.38909771183964,39.63395000043789,1.0,220.17267800890892,39.93100849658825,1.0,388.7553283932577,325.15386703484165,1.0,378.88841002516585,357.33799636286875,1.0,379.2845213620145,361.21717979190066,1.0,380.0147393739437,364.43608871010423,1.0,381.26726498139186,367.35637108068863,1.0,382.39152124462396,370.03658114059095,1.0,400.02407334173165,301.63760698932686,1.0,438.5718478196745,248.80406836446056,1.0,411.30103440763867,285.2646803199936,1.0,419.6559961765564,273.99272247550346,1.0,425.82215284020486,264.2834626756063,1.0,411.18860205021923,255.15037410503248,1.0,430.255836047531,296.41796740873406,1.0,443.6258756882982,226.83861754158968,1.0,453.76031187232894,251.34321682093392,1.0
8,285.48307814592096,330.0737885564877,1.0,290.75409208416016,359.0186194813207,1.0,289.34575933417784,363.2197133380272,1.0,287.40430649052627,365.7495983003129,1.0,285.4466677745173,367.51296843229625,1.0,284.1360421324039,368.34033664644056,1.0,277.2826277263048,305.7369460357388,1.0,228.57768456099362,242.5482841531928,1.0,265.8027902189765,285.5972607879734,1.0,256.5366935892998,270.79018482237444,1.0,246.93900001508024,260.14236816249195,1.0,271.8136665081985,251.98835416496073,1.0,246.10303109760602,295.34532366740746,1.0,222.65215025153722,220.84285290977311,1.0,209.95711901705496,243.940855304151,1.0,281.34066319379303,102.39335178271953,1.0,296.3763521315515,120.23151571966092,1.0,296.4395967635457,120.56952474428458,1.0,295.84516275219767,120.59484853692757,1.0,295.0028694418876,120.24284761618574,1.0,293.69161429129804,120.76180441701058,1.0,270.19857317582955,88.91387589091262,1.0,224.67231900647457,46.919181326699274,1.0,260.9928890678806,79.7116829972969,1.0,251.8731413817936,68.9779941838455,1.0,242.77388452838235,59.62033106448782,1.0,253.80556371691821,78.01362314915346,1.0,244.87830635578965,53.97180207662143,1.0,213.776154256628,40.327447439778645,1.0,220.93955161305485,40.632653702039626,1.0,388.5664942373696,325.50227806869873,1.0,378.8081346930304,357.71688336406595,1.0,379.1301136951546,361.46618113647384,1.0,379.8478729819769,364.62472953914926,1.0,381.08699893184115,367.55603716154343,1.0,382.1116164142697,370.10001667767165,1.0,399.8088814523097,301.8472363037373,1.0,438.28717434965426,248.99783794243106,1.0,410.95857548769925,285.7285023656936,1.0,419.42601102986873,274.1062997724555,1.0,425.53050168317736,264.545749423898,1.0,410.8766806039108,255.2088700886823,1.0,430.49594355866026,296.7239551326237,1.0,443.10546370605914,226.99460630534688,1.0,453.3401038225409,251.40528854214946,1.0
9,285.601956748393,330.36821676751134,1.0,290.67044275243774,359.5146010957832,1.0,289.17752054077175,363.54947653448795,1.0,287.08938819620084,366.0409652906667,1.0,284.9200265245678,367.68097437354066,1.0,283.40302768881736,368.1293505043639,1.0,277.5058980584924,305.99104394204005,1.0,229.07037229545364,242.54497701453397,1.0,266.0729081603201,285.82451770918016,1.0,256.92748220459674,270.83091296445906,1.0,247.37825990997098,260.2418039978245,1.0,272.13996328065184,252.2098412860054,1.0,246.66749093309267,295.08882456233977,1.0,222.95445048871662,220.83425196653184,1.0,210.55087925224674,243.7596203518143,1.0,281.44386167412347,102.56012745342008,1.0,296.3876084127235,120.44625323495465,1.0,296.3403007480261,120.79508522543198,1.0,295.713681328366,120.91578193094792,1.0,294.8199067804249,120.54221232347275,1.0,293.39846747915,121.11033128214501,1.0,270.32312855711154,89.07199671280432,1.0,226.24945169093465,47.41773677864676,1.0,261.09767437756955,79.8794424790545,1.0,252.14001057664217,69.19034165438646,1.0,243.21367098566236,59.7517166167278,1.0,254.25902857872921,79.8987772616041,1.0,244.9523027952803,53.42044308992275,1.0,214.6042539629367,40.482570624570066,1.0,221.88193224183684,41.444694666863505,1.0,388.3921804033363,325.79223823696634,1.0,378.70304615533183,358.0007747637644,1.0,378.96587180934716,361.63593375024266,1.0,379.6317767357091,364.83887936590975,1.0,380.89602979445203,367.75841064453,1.0,381.80040175892714,370.12349470655107,1.0,399.5879526843271,302.0889367003845,1.0,438.16883302429017,249.26995076676835,1.0,410.6572906311979,286.066673450947,1.0,419.197755023314,274.2326639729441,1.0,425.2805175066484,264.7179224683886,1.0,410.38145833679016,255.2996924183974,1.0,430.6177025173706,296.8945512850288,1.0,442.97189116276803,227.11585015754613,1.0,452.864772053842,251.64916748445307,1.0
10,285.6914602599786,330.5791686513209,1.0,290.5958170912983,359.9024475198996,1.0,289.02219179060455,363.8183649218953,1.0,286.7866934863714,366.29254115332066,1.0,284.42622889616285,367.8527271838363,1.0,282.8146275446278,367.8970210750366,1.0,277.66931113609695,306.169337038952,1.0,229.70934380091225,242.46655177356294,1.0,266.3783236456332,285.9836293637291,1.0,257.3387596423783,270.837685470086,1.0,247.81737917811532,260.2927387411699,1.0,272.41429822057665,252.4240841224319,1.0,247.18077016335252,294.77072340030406,1.0,223.16378205424746,220.8295703453914,1.0,211.51973646927922,243.26786119493994,1.0,281.54471797248794,102.7228751723988,1.0,296.3512620808024,120.659872317558,1.0,296.20199589814416,121.03938844518939,1.0,295.56166822703307,121.25291248118207,1.0,294.6257910560548,120.86319384332583,1.0,293.12211684058207,121.44920100057259,1.0,270.43199516545525,89.21196469482143,1.0,228.0236639129795,47.75511210428013,1.0,261.27775492756996,80.09741992565677,1.0,252.4498531098794,69.46008210985624,1.0,243.7064468887981,59.94960041458834,1.0,254.67455516468866,81.75358686248211,1.0,245.03284739731055,52.98820586486486,1.0,215.21156982518508,40.656214619784386,1.0,223.2983531097753,41.98117397767306,1.0,388.23610747247494,326.0145894150904,1.0,378.57260297259705,358.1933050488716,1.0,378.7770166802682,361.7520184225737,1.0,379.3958443256046,365.01723731694636,1.0,380.6764434989074,367.9425711034022,1.0,381.50030530096194,370.0749565446052,1.0,399.3938881169592,302.27135918876655,1.0,438.191765827144,249.36090620859358,1.0,410.39344003537485,286.2970688228726,1.0,418.98311383527886,274.3322378690239,1.0,425.05413975046343,264.84992030829017,1.0,409.8527699731817,255.39258380696575,1.0,430.7041324120701,297.00194208256784,1.0,442.83262898095643,227.21817220985852,1.0,452.6534235976239,251.61587244056344,1.0
11,285.757242202192,330.716659157709,1.0,290.53268308634364,360.23536474771254,1.0,288.846732245386,364.0648777063711,1.0,286.53200015750974,366.56675661870764,1.0,284.25549618885293,367.85298111009996,1.0,282.4221543803061,367.64901190054763,1.0,277.7833469429978,306.2875608001368,1.0,230.611767385504,242.22691730618956,1.0,266.6801593625425,286.0558480611916,1.0,257.76849907954113,270.7801946524968,1.0,248.2959372659768,260.19539985220825,1.0,272.6233035929973,252.64199516165752,1.0,246.79357374126295,294.097518689438,1.0,224.02834522993643,220.6110651206578,1.0,212.80801343354923,242.54225662204814,1.0,281.64608550324584,102.88262446938867,1.0,296.2910555352726,120.88160051351308,1.0,295.97504398259116,121.36155777296497,1.0,295.4124624857489,121.63101148327254,1.0,294.4141967281246,121.19224015151651,1.0,292.8752505424489,121.7675908083503,1.0,270.5350608273414,89.35003917060551,1.0,230.07209296723295,47.76253580484517,1.0,261.50818198256303,80.33204583397168,1.0,252.81862050507928,69.7887456204967,1.0,244.2784035913696,60.152021089659186,1.0,255.06048684845027,83.68778067768683,1.0,245.06705842819213,54.3508119770967,1.0,216.3034227897462,40.54817964728017,1.0,225.16593537095383,42.364871471640676,1.0,388.09919902329466,326.1741277266648,1.0,378.4185876931064,358.34103157041955,1.0,378.51592414056273,361.81867605100285,1.0,379.14900100333523,365.2094376720699,1.0,380.38607573207906,367.89459575744775,1.0,381.2236161412298,369.94204678536363,1.0,399.21870710609596,302.4081834696552,1.0,438.4791323137645,249.07917360338055,1.0,410.1773196950597,286.402135585532,1.0,418.7977644880162,274.3666656424458,1.0,424.90289696336765,264.82581725986955,1.0,409.2407825984415,255.49644883893092,1.0,430.19091772171737,296.5167461707449,1.0,442.7042164687813,227.08329726459928,1.0,452.613587510421,251.4203255547522,1.0
12,285.7736221897841,330.7183498615439,1.0,290.47263855095065,360.4990219065848,1.0,288.6896560216421,364.2468240741556,1.0,286.32799532990543,366.71708778587947,1.0,284.1747824688476,367.8179305152772,1.0,282.15910629218473,367.41917067935617,1.0,277.91851271204365,306.445007628319,1.0,231.49567189984234,242.0312653685555,1.0,266.9716917106863,286.04240668042786,1.0,258.19069884079624,270.64377996351953,1.0,248.78578034397793,259.9845940363542,1.0,273.0295183642863,252.75066118194087,1.0,246.13850551720088,293.3333627508588,1.0,225.061256160123,220.38961202442363,1.0,213.4923073361,242.16890239534018,1.0,281.7442445179737,103.04036670279615,1.0,296.1662252381023,121.14278830862729,1.0,295.71737053457747,121.69945177110968,1.0,295.23760068476696,121.98932956103339,1.0,294.1857290849051,121.54627031246304,1.0,292.6465170916626,122.09848069974208,1.0,270.6554822004002,89.52115158215196,1.0,232.19118750744158,47.78627668792559,1.0,261.7820274195192,80.57724148067561,1.0,253.2229887598184,70.09774203545118,1.0,245.02221452436436,60.57323544334173,1.0,255.31305417871658,84.66404186155356,1.0,245.07403335811145,56.303853281107735,1.0,217.5918768942291,39.85251824520345,1.0,226.0295736192295,42.812959679114506,1.0,387.9851914821961,326.22870428328395,1.0,378.2049451782386,358.4088358286908,1.0,378.2311642649796,361.8332980804638,1.0,378.89259842470045,365.2981652338977,1.0,380.0529520285962,367.7814447059535,1.0,380.961795483083,369.77377073880933,1.0,399.04336259945387,302.57301630273054,1.0,438.7782288053997,248.84460732547672,1.0,410.01138816546626,286.38400019237974,1.0,418.6501841278287,274.2946459031736,1.0,424.7961927980587,264.72052985792135,1.0,408.8604205420047,255.47466536826659,1.0,429.4598563007291,295.88915154983,1.0,442.9883810827579,226.85558701700177,1.0,452.39241268273014,251.31210885253444,1.0
13,285.77386150134043,330.67176514078153,1.0,290.43327145688085,360.64174113829466,1.0,288.5814078272025,364.30504954253917,1.0,286.24620575702573,366.7022408708969,1.0,284.2252776052838,367.70001937032725,1.0,282.0687926198066,367.19302969376594,1.0,278.05916641984555,306.6149215356168,1.0,232.3455703103109,241.87387073582195,1.0,267.24928256516614,285.97074881971963,1.0,258.61443800802806,270.463828987073,1.0,249.29559064295825,259.613694114419,1.0,273.4158240723159,252.72493242148255,1.0,245.63885740765224,292.818741592194,1.0,226.1095662083613,220.17611338137866,1.0,213.47483507310395,242.2733117719852,1.0,281.8370099692662,103.18615795321853,1.0,296.02635369761657,121.36773261651412,1.0,295.44576888210827,122.0168287843467,1.0,295.0562302552467,122.29709336806508,1.0,293.95361134243507,121.89448770331208,1.0,292.4537085474225,122.3988136177615,1.0,270.77784679495704,89.69802696160045,1.0,234.3208158427852,47.83857354192932,1.0,262.07908647466076,80.82398790983693,1.0,253.6625413406206,70.4585538565002,1.0,245.7966526265397,60.94079573061624,1.0,255.29861292795698,84.56371189108631,1.0,245.0565044150792,57.81272828172235,1.0,218.94901430230377,39.11806183654358,1.0,225.88419989179408,43.44548474957176,1.0,387.8917275759075,326.2378803640072,1.0,377.9992813571557,358.39996098094616,1.0,377.94776229625285,361.7653655396268,1.0,378.65330353666786,365.25101778589243,1.0,379.7005852279918,367.569298047558,1.0,380.73285732567746,369.5491040686636,1.0,398.87471537384147,302.7445493945865,1.0,439.0672160839446,248.66251732810017,1.0,409.88422233529593,286.28187419291794,1.0,418.53172083478734,274.18129037716784,1.0,424.78526820278705,264.43375583582923,1.0,408.62628601844835,255.34517672975906,1.0,428.8740744849133,295.4768306122659,1.0,443.3056111289546,226.63776220926226,1.0,451.90346536677794,251.48219042684306,1.0
14,285.74118478220896,330.54243021804695,1.0,290.4159978007529,360.6229689068915,1.0,288.5182974673612,364.2555310452689,1.0,286.2926596249989,366.3584596410391,1.0,284.4177196305383,367.4344947726064,1.0,282.1648199479915,366.82847868838206,1.0,278.08923263582744,306.63694714989447,1.0,232.84287337098766,241.82131277697187,1.0,267.50567342721155,285.7564794999377,1.0,259.0186338532981,270.18975008692604,1.0,249.7361669184763,259.2226764819237,1.0,273.8245498767382,252.6471005085668,1.0,245.1353428567735,292.23991673878544,1.0,226.91522306346755,220.08248238764554,1.0,214.25536728521578,241.68351911436497,1.0,281.92121116390206,103.32376416380347,1.0,295.84094166814117,121.56962149344255,1.0,295.1716462036559,122.30394011870217,1.0,294.8464848114424,122.4680124850475,1.0,293.73795939998223,122.1879875405067,1.0,292.2915870425614,122.5753856153406,1.0,270.85608809281536,89.81208074198017,1.0,235.71124363849185,48.032542246152914,1.0,262.4445826847238,81.08415896035237,1.0,254.1363372815711,70.78809738263762,1.0,246.49125458985614,61.26786147761571,1.0,255.20848152455474,83.99891105573093,1.0,245.04916182661188,59.37673162949237,1.0,220.22707521825726,38.192596412136076,1.0,226.6731558292906,43.43366588613203,1.0,387.81366129959173,326.18431685444034,1.0,377.7775788199338,358.27201507451235,1.0,377.6772551188211,361.62904322104856,1.0,378.4462368785589,364.938972491935,1.0,379.3775961869416,367.23234175872807,1.0,380.52503238580954,369.15439795268145,1.0,398.75805002006814,302.7990621281039,1.0,439.14338979622886,248.69465959741999,1.0,409.8396848182556,285.97603843529714,1.0,418.46355838141756,273.9384041701714,1.0,424.8183717086876,264.1113563342618,1.0,408.52921998347915,255.17394926813608,1.0,428.2700981206648,295.0253439966844,1.0,443.8617729613425,226.50901361582356,1.0,452.0077917046724,250.97659453909952,1.0
15,285.66800143439286,330.30661340353015,1.0,290.43219234372583,360.41395222927247,1.0,288.5824899806046,363.95386275452813,1.0,286.4502318150069,365.865302695734,1.0,284.7336421956261,367.0215244718638,1.0,282.38039969339815,366.4314989905337,1.0,278.0358444716382,306.53977782893344,1.0,233.38454015190732,241.63932242731414,1.0,267.7316053653503,285.4592526342146,1.0,259.40109535489876,269.8472291768537,1.0,250.15125288766052,258.7857084049601,1.0,274.1121065499225,252.51804469699053,1.0,244.5510218345086,291.8367056080892,1.0,227.63234539638813,219.95580093327328,1.0,213.56456468245887,242.24438332596412,1.0,281.9940922492466,103.44638801286787,1.0,295.64624642245394,121.69732144249288,1.0,294.9569030175266,122.45687754335496,1.0,294.6476536198589,122.55949059145824,1.0,293.5478614976566,122.41066115635833,1.0,292.1549739863167,122.70154160386349,1.0,270.8859510651542,89.8496814730162,1.0,236.83754531706322,48.054060061838626,1.0,262.8328695942872,81.3345426258452,1.0,254.62602858572808,71.0727883895529,1.0,247.0820643424996,61.436731044553774,1.0,254.98060750338283,83.04890984034499,1.0,244.99410413557422,61.001152626739625,1.0,221.26973915707165,37.712835376300426,1.0,225.56285736670804,44.22895951576165,1.0,387.76249382976073,326.04464805859783,1.0,377.5870124821893,358.0324243730756,1.0,377.49352776328925,361.3586583790299,1.0,378.27842086318077,364.5079459070007,1.0,379.1039203995689,366.7835595382589,1.0,380.3395170887116,368.69516804988314,1.0,398.6833333632008,302.7578327806733,1.0,439.27363433551744,248.50700745387513,1.0,409.8435458803656,285.556074612653,1.0,418.43257008206655,273.594969237794,1.0,424.9051071247549,263.7074905149242,1.0,408.4623549028147,254.98483720243232,1.0,427.62809149048394,294.6629820904016,1.0,444.0768240826184,226.40023353112113,1.0,451.2728978641494,251.41041123450842,1.0
16,285.55050181581,329.9596962543744,1.0,290.4633960164299,360.1449295372653,1.0,288.6834708590644,363.5667247641186,1.0,286.6494051944817,365.27395091682365,1.0,285.17055759579443,366.3965236121829,1.0,282.6808947606209,365.9639380358053,1.0,277.9368252374151,306.37944683299025,1.0,233.88133934439068,241.28889688229432,1.0,267.92786402418346,285.0700517026964,1.0,259.7378173153568,269.39652687224594,1.0,250.46467120576548,258.44948863816046,1.0,274.430060076739,252.33397224113142,1.0,243.7584942017035,291.1933074315987,1.0,228.18292177549748,219.85723852188204,1.0,213.3684669923434,242.36797263842706,1.0,282.0521479384129,103.55181454775898,1.0,295.46080901588977,121.79187268642242,1.0,294.74385369012094,122.58091505589958,1.0,294.4425351690565,122.60763218049946,1.0,293.3827333046484,122.54610499960297,1.0,292.02983362829553,122.77203806937175,1.0,270.8844735493811,89.8387215304292,1.0,237.32128667774452,47.90019779580622,1.0,263.2503697271563,81.57854899741359,1.0,255.13275893170422,71.28225663320063,1.0,247.56810247498376,61.62845468947587,1.0,254.67395276798894,81.60916116281795,1.0,244.98160977401048,62.993985443288885,1.0,222.0927748361596,37.41711985495007,1.0,224.97750576530564,44.66900938564826,1.0,387.7373159204597,325.8178094736575,1.0,377.4161239485461,357.7659733561233,1.0,377.32466933973313,361.0353561240937,1.0,378.12275129874484,363.9980853675536,1.0,378.8987160232264,366.19105629669633,1.0,380.16042033589576,368.1516305927839,1.0,398.6402969001975,302.6627082572475,1.0,439.38294346980143,248.07699128154724,1.0,409.9030324006342,285.00771925288495,1.0,418.46679264013625,273.0909459978111,1.0,424.9683434450152,263.4076740749261,1.0,408.5377582154994,254.7499480933,1.0,426.9140325158187,294.0090525082605,1.0,444.1886426346934,226.33201684497922,1.0,450.86488056266666,251.3987661922118,1.0
17,285.38538090411856,329.4963218756552,1.0,290.52420092613715,359.7142053899438,1.0,288.8527842172459,363.04754536401964,1.0,286.94490374638957,364.52859781227653,1.0,285.68561359183786,365.6492558651008,1.0,283.07616795306626,365.3893452964793,1.0,277.716495729965,306.047147537746,1.0,234.2835618486603,240.8463222055741,1.0,268.0594797812589,284.5974875358574,1.0,260.04284791812734,268.89976204949846,1.0,250.8383426681092,257.9401002064432,1.0,274.7370280302251,252.10161390889033,1.0,243.0371527779797,290.51290054009434,1.0,228.55586171245707,219.79312941541082,1.0,213.42586441430862,242.2938270614066,1.0,282.09352686818613,103.63944895707236,1.0,295.2755332349896,121.81457243509657,1.0,294.5672340914529,122.62896718929456,1.0,294.24020256981737,122.58036388654506,1.0,293.2458125296206,122.60956142074855,1.0,291.91910608432465,122.75389810980847,1.0,270.82569212029364,89.7385791081395,1.0,237.2752424220376,47.80865931525171,1.0,263.6587733678413,81.77946631558552,1.0,255.6385545717065,71.45760701927932,1.0,248.1106367047938,61.7437925493028,1.0,254.28812151413865,79.74372624131982,1.0,245.0047037867238,64.76443769936958,1.0,222.71184689639105,37.332654609632094,1.0,224.69308993430388,45.010393170167625,1.0,387.7371979634649,325.5016873806354,1.0,377.28109665635736,357.40978347405223,1.0,377.2064813167513,360.6439170585934,1.0,377.9986908279993,363.3650450198153,1.0,378.75274762138594,365.519979731783,1.0,379.9894000590238,367.4939615224403,1.0,398.64664404211027,302.43381312457745,1.0,439.3242515656491,247.62653574525916,1.0,410.01090008294483,284.35325952765896,1.0,418.53619025840254,272.5174658012386,1.0,425.1214286961352,262.91166980557625,1.0,408.7371881443495,254.4832034925405,1.0,426.3138972976639,293.31539861382475,1.0,444.1828944431371,226.3186944004327,1.0,450.5676111267865,251.22034489332665,1.0
18,285.21573768250835,329.0124602114032,1.0,290.59736382438734,359.21490332621295,1.0,289.0765600129323,362.4302698324083,1.0,287.2496651334111,363.780421705109,1.0,286.21917627677294,364.8703578827476,1.0,283.45228083759423,364.6635481059534,1.0,277.3174486603053,305.4640366865844,1.0,234.7356225210291,240.31048219309685,1.0,268.11981978790476,283.939830986846,1.0,260.3348075017437,268.2819874431115,1.0,251.26467845073634,257.2507001773215,1.0,275.00015995091474,251.8403449026367,1.0,242.32419164874452,289.5947829448623,1.0,228.68140723872943,219.7719270360179,1.0,213.65391984534205,242.11213119133618,1.0,282.1317277138876,103.71541601115486,1.0,295.0865549023345,121.81137154973379,1.0,294.42876223189694,122.60990986712495,1.0,294.0486527454569,122.53433955673788,1.0,293.13318508194976,122.62676051568425,1.0,291.7806629788175,122.68322826442376,1.0,270.68264322207784,89.50880848461657,1.0,237.1117652330764,47.685382251314394,1.0,264.11460250204203,81.95377499704539,1.0,256.1931404623695,71.57738726488435,1.0,248.66590991224487,61.71724218082443,1.0,253.845427130637,77.62647975843328,1.0,245.0914266658529,66.5577860928329,1.0,223.02365972043387,37.55304145385975,1.0,224.6437463600332,45.36420191824997,1.0,387.75560136070897,325.1590321301291,1.0,377.156321539348,357.01319093412286,1.0,377.1354415509376,360.20628022827566,1.0,377.8891590816977,362.7316596933,1.0,378.6499145309531,364.8389157961727,1.0,379.7817206230095,366.71916535125337,1.0,398.7300394423587,302.00839455860853,1.0,439.24411569733695,247.0767877978471,1.0,410.2204462368182,283.44767819745044,1.0,418.6596262210116,271.7737582551962,1.0,425.3778713825833,262.19920812363506,1.0,409.01193834598126,254.20577553774703,1.0,425.7503209691219,292.43302500062373,1.0,444.0019764244809,226.37530564667136,1.0,450.2915694894588,250.9896815367693,1.0
19,284.95067392510015,328.30216200450326,1.0,290.6835951701128,358.6382401242841,1.0,289.3144660366233,361.79471954708623,1.0,287.55481472983746,363.0421908311533,1.0,286.7226317455979,364.14776177917196,1.0,283.8314293840274,363.9301247253328,1.0,276.81071523866245,304.73114743828967,1.0,235.1554597377869,239.82137102656608,1.0,268.14158992254795,283.28234102372545,1.0,260.63426175436854,267.6665515100675,1.0,251.64464160142666,256.62703054697704,1.0,275.60339821590634,251.5535013034742,1.0,241.65139667947008,288.6257186283786,1.0,228.65674839492323,219.77324998925707,1.0,214.0794483052222,241.83942197962287,1.0,282.1419055177202,103.77125693279379,1.0,294.8966222030483,121.77367840997293,1.0,294.30973891588866,122.56577223284623,1.0,293.86881460254557,122.47293884905787,1.0,293.0410603685971,122.62337839909107,1.0,291.64850930121156,122.5909760661763,1.0,270.4947636454583,89.21140276111136,1.0,237.0057980310036,47.677505277778835,1.0,264.5342691815635,82.09137386993649,1.0,256.76202742632285,71.75413623422423,1.0,249.18192199133654,61.72477171502346,1.0,253.51053318987553,75.11838022044306,1.0,245.21403171462924,68.18201075070316,1.0,223.1113931962637,37.91332859515076,1.0,224.8812667005156,45.875291886246586,1.0,387.8050773137465,324.6548710969396,1.0,377.04902396391867,356.5728121631693,1.0,377.08454887716533,359.7648874123027,1.0,377.79333912304406,362.1084861789882,1.0,378.5719147944238,364.2105276823651,1.0,379.58098797893484,365.94058515869716,1.0,398.85589730552005,301.46717315122464,1.0,439.09576233076154,246.6432434727269,1.0,410.43377183897076,282.5502891272092,1.0,418.7880260501974,271.0489357974945,1.0,425.6091502987467,261.56001341544004,1.0,409.5918991044218,253.85446566328136,1.0,425.28587690285923,291.48582623589976,1.0,443.744646201187,226.45708360394343,1.0,449.9367505502272,250.7707950314384,1.0
20,284.68314281838406,327.58264000843315,1.0,290.772736562865,358.0452921513241,1.0,289.58247197866024,361.10588119386864,1.0,287.86167708048964,362.3229939028829,1.0,287.2207207055681,363.42204797793465,1.0,284.18874927855046,363.2914623437408,1.0,276.4824235018614,304.2542054185462,1.0,235.5933618976583,239.38460989841283,1.0,268.1537685557728,282.66246239165633,1.0,260.91186838327656,267.00601421615033,1.0,252.0375657445455,255.92738836602254,1.0,276.2023721393982,251.27502419963562,1.0,241.00433749987891,287.4649178732601,1.0,228.68951291481056,219.70369988334923,1.0,213.65205613529022,242.0671078868606,1.0,282.1479890337525,103.8175707835644,1.0,294.7085699284515,121.72626835525377,1.0,294.21295454764476,122.4837689508043,1.0,293.70451664022943,122.39661957244749,1.0,292.96215489182197,122.59735815787164,1.0,291.53749392386646,122.50957847572495,1.0,270.36063412121615,88.99726852970316,1.0,237.10745156380887,47.702334903712874,1.0,264.9220404100973,82.21273753337476,1.0,257.33412712854295,71.88837925759537,1.0,249.70476565949727,61.68868555351071,1.0,253.2012447537112,72.65480191403394,1.0,245.39148981959687,69.7844787076676,1.0,223.0344591222701,38.434631651080636,1.0,223.6885763988188,46.5098513443454,1.0,387.86596697849825,324.1373275519428,1.0,376.9480589514208,356.1245204488355,1.0,377.0605158070466,359.2990088987284,1.0,377.71381984146876,361.50316510296756,1.0,378.5176576720532,363.5903027150558,1.0,379.4094826663716,365.25249720200674,1.0,398.9469061310116,301.111215986486,1.0,438.9725564826826,246.27018602690632,1.0,410.633972716029,281.7067058527479,1.0,418.94326741361976,270.2539980869866,1.0,425.8862149464135,260.8316403036756,1.0,410.20470869980153,253.51460052222507,1.0,424.8668349205654,290.3915055903542,1.0,443.31579834917216,226.46968883111842,1.0,449.29991082994184,250.67849209986028,1.0
21,284.376981893833,326.7514932805977,1.0,290.8676796400088,357.39652866598317,1.0,289.8394402707767,360.45181852571824,1.0,288.1567751950285,361.7195487960448,1.0,287.68087479810066,362.7466870349216,1.0,284.60809462300546,362.7958723994185,1.0,276.1418324290829,303.76741124524335,1.0,235.9994954364184,239.05743969228257,1.0,268.14007782937193,282.08331892463264,1.0,261.17281508037394,266.36804223274305,1.0,252.45224756528353,255.18315890025602,1.0,277.0609414227497,251.01034061025004,1.0,240.78567168984614,286.47570971719813,1.0,228.81233026178865,219.60433093916845,1.0,213.76383923564228,241.78859574927534,1.0,282.14753162903133,103.85051277862563,1.0,294.5037215802257,121.66982916889812,1.0,294.1265541845888,122.40414607747553,1.0,293.5774470999227,122.33274561539444,1.0,292.91039193954464,122.53781936256041,1.0,291.4747899502073,122.43505891164016,1.0,270.2255995419212,88.78657685848646,1.0,237.4427692883526,47.83718593933518,1.0,265.2603645015404,82.29965360914616,1.0,257.8825124560353,72.02018072242406,1.0,250.2287193299299,61.601019066683136,1.0,253.03268046387126,70.17452096160441,1.0,245.62555545080744,70.31626570118526,1.0,223.00403141984552,38.873656713507266,1.0,222.96937418001727,46.75385951537095,1.0,387.95945483318394,323.5242359369991,1.0,376.84303224468454,355.6340553035591,1.0,377.0385314940975,358.8592123422643,1.0,377.65587209604746,360.99476011792274,1.0,378.50296950304215,363.02679569752655,1.0,379.2961798272662,364.6668157837455,1.0,399.0510269085003,300.7451015931123,1.0,438.8338102432686,246.05883992888943,1.0,410.8127100596267,280.9283451633887,1.0,419.09819940846023,269.48650506437946,1.0,426.18695345472247,260.04739500167796,1.0,410.9882350566559,253.14396342599292,1.0,424.87071747718505,289.5002777871216,1.0,442.9195079952377,226.43834254968522,1.0,449.0068340806003,250.01726817097506,1.0
22,284.16862130591375,326.1609275967844,1.0,290.95872400234464,356.8036038565672,1.0,290.0771380636339,359.85695144941656,1.0,288.45508184422414,361.09923963375934,1.0,288.0919486897759,362.132041231455,1.0,284.9540695247592,362.4139266859988,1.0,275.74190246447904,303.2109423643051,1.0,236.59739964766274,238.59835954604995,1.0,268.0973650619166,281.52751063694757,1.0,261.3751227212861,265.76192387097433,1.0,252.8941693050443,254.39588877117762,1.0,277.93558983069835,250.7654033708703,1.0,240.76448789059836,285.5485421644008,1.0,229.51941490157907,219.29292030629802,1.0,213.9502512572183,241.42616788639205,1.0,282.16646116755527,103.89214097318852,1.0,294.3257968667656,121.61196833490185,1.0,294.0567782372605,122.32888252226286,1.0,293.46331920151766,122.23068748961497,1.0,292.8771028949373,122.46066640862627,1.0,291.42826302221863,122.38100279432761,1.0,270.07830443345404,88.56649754311952,1.0,237.94172760537552,47.755063277774994,1.0,265.55697621453675,82.35279179972818,1.0,258.35942068330735,72.06647930315701,1.0,250.7376804858282,61.42723964821992,1.0,252.90538363122826,67.8542193162072,1.0,245.89392275656647,70.33438409568673,1.0,223.25731884334215,38.98196655040847,1.0,222.23820710689566,46.98743103693544,1.0,388.0251783100359,323.08234935983194,1.0,376.7531464528542,355.19235370846,1.0,377.0199068458809,358.46331977849184,1.0,377.6206296387837,360.4764247339384,1.0,378.51405884531835,362.52501066727024,1.0,379.2097315522038,364.20613830554925,1.0,399.18789366685706,300.3225825865387,1.0,438.8588228783103,245.58014293453584,1.0,410.97835730311925,280.19122238868107,1.0,419.2595242277301,268.7338393120659,1.0,426.5115075574055,259.20303795992044,1.0,411.74465845700195,252.7857500960193,1.0,425.0863626858275,288.680351468421,1.0,442.5743404057289,226.13784774533468,1.0,448.71732827568684,249.23115170046518,1.0
23,283.9056063633007,325.41547517751104,1.0,291.0561737100552,356.19348955647087,1.0,290.29465444453814,359.32946786983786,1.0,288.7433561465488,360.57002268280297,1.0,288.4307696290406,361.64293630390904,1.0,285.37563142222183,362.2027222904032,1.0,275.55929175947483,302.9663262721199,1.0,237.2393281424634,238.13005687019782,1.0,268.0182499187573,280.99774268657507,1.0,261.54177354985,265.20234370426215,1.0,253.36197383207661,253.50958467502892,1.0,278.771972082266,250.54704900160212,1.0,241.0291941592079,284.70850898796493,1.0,230.3903528484769,218.8532264201135,1.0,214.16193065075996,241.03447118563216,1.0,282.1742737497196,103.9134502899927,1.0,294.15247100246603,121.54488861693764,1.0,294.01130450476114,122.2531982075206,1.0,293.37865566804,122.13763107862654,1.0,292.85508412497296,122.39295577836677,1.0,291.44245458836724,122.32759800477089,1.0,270.01593183116097,88.47957899742063,1.0,238.5479189359187,47.67522348175442,1.0,265.80312519186145,82.36361685180442,1.0,258.7790626937003,72.06812457154423,1.0,251.18706263730832,61.06801067418957,1.0,252.80785443332792,65.77760573678997,1.0,246.2103847195583,69.62322061574051,1.0,223.32639835154683,39.26633533607878,1.0,221.4934514977719,47.227001234608935,1.0,388.1359250530257,322.50876608620854,1.0,376.6682235350021,354.74457670809846,1.0,377.0099505538421,358.1195279557949,1.0,377.60273560548063,360.03446031812604,1.0,378.52665666269036,362.12332975377933,1.0,379.1962490629929,363.8685311329244,1.0,399.26183486918563,300.133419205123,1.0,438.8983035220742,245.09089707933444,1.0,411.12651149172086,279.50234938344573,1.0,419.4135014600826,268.02688074853415,1.0,426.90440617623295,258.21936570782196,1.0,412.423700307709,252.4541848646567,1.0,425.60004887084165,287.9666894040073,1.0,441.99879091131316,225.70375159684474,1.0,448.42053838974664,248.39881589391067,1.0
24,283.7298214199024,324.8953788751262,1.0,291.1510338079984,355.69671944884294,1.0,290.4915850566176,358.865322747823,1.0,288.9992693649797,360.0861713763284,1.0,288.71500034038803,361.24218620967207,1.0,285.6960644740539,362.06220130800585,1.0,275.2483826870093,302.55294643418205,1.0,237.81626987669458,237.56953987294798,1.0,267.90274332888566,280.5495061028983,1.0,261.6820739024416,264.72135904201605,1.0,253.7722451314907,252.7539443273391,1.0,279.4399920294777,250.3811447163637,1.0,241.5645985571446,284.0242232314435,1.0,231.56382326087183,218.30927591991812,1.0,214.5994793615514,240.3981516513062,1.0,282.1953951390998,103.94263041017733,1.0,294.03428953658204,121.48129536339192,1.0,293.9844105103356,122.180181108763,1.0,293.2992579304548,122.05211091036401,1.0,292.8429427467968,122.32844957146438,1.0,291.4557100879766,122.29623361542798,1.0,269.9317045787863,88.36917217818903,1.0,238.6661476692338,47.4292627039775,1.0,265.9645374528487,82.31935898000978,1.0,259.1294455235593,72.02513090063243,1.0,251.54093343593587,60.69547232685681,1.0,252.7152725222574,64.25625721014673,1.0,246.55514464575637,68.19744053525616,1.0,223.53048362165822,39.27649767657169,1.0,220.9406858012798,47.15208378744963,1.0,388.21349745100525,322.10280909280345,1.0,376.60613775636637,354.3971699048401,1.0,377.005626912887,357.822899637656,1.0,377.5848776123877,359.6305325186481,1.0,378.5445320234255,361.794772839945,1.0,379.1895837399649,363.6279439705519,1.0,399.36977019863696,299.82064335415237,1.0,438.9578703870578,244.4271565993878,1.0,411.22702364895457,278.9421873469055,1.0,419.5392826664829,267.4069443759186,1.0,427.24111683473,257.3694456378295,1.0,412.83104154086925,252.18591888600358,1.0,426.3942118917327,287.4081609877678,1.0,441.5280014998943,225.11522031156503,1.0,448.3782809954294,247.2596406935405,1.0
25,283.54812661755744,324.3970801276795,1.0,291.2424297439436,355.2786362075215,1.0,290.6791291388576,358.43952357389986,1.0,289.23369911808976,359.70790415381725,1.0,288.93493728663833,360.9462807345523,1.0,286.01796630809366,361.93329384427875,1.0,274.8086764573994,301.95779539997955,1.0,238.4187789090916,236.86299460116763,1.0,267.73280230372563,280.1614180626408,1.0,261.7623409015172,264.28658889583437,1.0,254.19262550694765,251.94251557650725,1.0,279.97800032045444,250.26660968040926,1.0,242.44267083579066,283.62321154326065,1.0,233.03093636643106,217.5912513723807,1.0,215.5054571173641,239.435815806027,1.0,282.20130177514756,103.97050580321277,1.0,293.9579021419526,121.41343366429402,1.0,293.97640298193323,122.10426498240481,1.0,293.24821968401614,121.98299995593109,1.0,292.84071264787605,122.2707117543237,1.0,291.4789806004652,122.24801367499275,1.0,269.82322374475734,88.22408388825288,1.0,238.40730984726335,46.96281569021364,1.0,266.0374923453613,82.20747289782707,1.0,259.39842903889956,71.89137581053672,1.0,251.8471161257651,60.20137521542977,1.0,252.64770904020895,63.2508340957644,1.0,246.8735472275925,66.09587299087237,1.0,223.62628902708616,39.403457959392014,1.0,221.10830667409954,46.85157293148901,1.0,388.26545519433296,321.736221070644,1.0,376.5675029404769,354.12124861067633,1.0,377.00814961660984,357.5581682349006,1.0,377.58061163169293,359.3145621942964,1.0,378.56562064806536,361.55175917948696,1.0,379.1949802090303,363.4003729833863,1.0,399.4925850916903,299.38047306694216,1.0,439.08506193084685,243.5010311335747,1.0,411.29202818244653,278.4840018452599,1.0,419.6646703932012,266.81867118700166,1.0,427.6197510320338,256.4374628538815,1.0,413.01686480898485,251.97561040710943,1.0,427.3773922979316,287.2063360345986,1.0,440.8289266873944,224.3391006678197,1.0,448.59761247445635,245.93072188006843,1.0
26,283.43503511302964,324.09826264119886,1.0,291.33573836047566,354.89247049779493,1.0,290.844476811847,358.0838305123637,1.0,289.4524480136535,359.39123626530267,1.0,289.14017828064135,360.6792458862441,1.0,286.2983861630669,361.8688820476445,1.0,274.42310537342473,301.4370127390108,1.0,239.07944767170724,236.12903176420122,1.0,267.54540526018616,279.82848101169105,1.0,261.7778877410114,263.9398966575311,1.0,254.50956519037,251.3525775682183,1.0,280.2295080166841,250.22997886750233,1.0,243.0319087110189,282.9022643475662,1.0,234.3126645274335,216.96932227921246,1.0,216.29551271722806,238.4855037898309,1.0,282.20926229646153,104.00445356111953,1.0,293.9012478672491,121.34464462005275,1.0,293.9889738817589,122.03441821037667,1.0,293.2146591606544,121.9197283191821,1.0,292.8488796477597,122.20266673033949,1.0,291.5110102658115,122.21258037695848,1.0,269.75296539941723,88.13796493705577,1.0,238.22179754811236,46.37466522791198,1.0,266.0599066330145,82.06555511283392,1.0,259.56068421491284,71.67253323500188,1.0,251.995245839239,59.700015271480105,1.0,252.57918856323428,63.07106036273386,1.0,247.2313582461489,64.60236127467752,1.0,223.70056510696173,39.41979393874895,1.0,221.0929835150693,46.276231009276486,1.0,388.27429231069806,321.532085528918,1.0,376.53691702540993,353.8766993595803,1.0,377.0134763845557,357.34597212622515,1.0,377.5861495658038,359.05038059852546,1.0,378.59904006087385,361.3353791288375,1.0,379.2151143269743,363.2434591125296,1.0,399.5757141995989,299.0045450873549,1.0,439.31381148953056,242.46677063817242,1.0,411.3258126974659,278.1106690130965,1.0,419.7742762341409,266.31686036356393,1.0,427.90405301966933,255.73450780522094,1.0,412.8039601723399,251.86784168777206,1.0,428.19567456027363,286.64782835125294,1.0,440.29030975501365,223.64770689129384,1.0,448.9958370392567,244.50632616325362,1.0
27,283.3900658538417,324.035502039087,1.0,291.42653126501614,354.5579777701913,1.0,291.00210063078737,357.76617129237053,1.0,289.65481187256984,359.15904973581706,1.0,289.30961426041296,360.48108247068967,1.0,286.54873922840335,361.8320075521488,1.0,274.03713156764536,300.90099702142834,1.0,239.81307542620715,235.3036735050404,1.0,267.3274103251387,279.6184166116144,1.0,261.7113618893383,263.6869792905789,1.0,254.82825131657503,250.6826849855665,1.0,280.34041824313584,250.2128144986542,1.0,243.63148450466974,282.1616758638578,1.0,235.64978130194572,216.3142852709842,1.0,217.4733424103554,237.20067055653192,1.0,282.2118164458827,104.05766870845262,1.0,293.8704337651658,121.27479198840568,1.0,294.02449840269014,121.9585923468336,1.0,293.20354518613965,121.8705540048461,1.0,292.8683194233152,122.13186661037598,1.0,291.54511571042485,122.18260191693051,1.0,269.70268219706304,88.07564715284187,1.0,237.95589861912566,45.571386578853634,1.0,265.9775650183863,81.8650731937368,1.0,259.59860723009615,71.35099122586787,1.0,252.01575918971182,58.94375152496995,1.0,252.47443614999762,63.144127362646365,1.0,247.58379097244202,63.166567879647026,1.0,223.75589798230882,39.46543309990887,1.0,221.60487418078196,45.29612000940167,1.0,388.1992812885501,321.54833623027025,1.0,376.51987458261465,353.67806381241144,1.0,377.0281626831205,357.1671973158035,1.0,377.6020745978929,358.8564542719597,1.0,378.6403499208675,361.1751882385428,1.0,379.240259691375,363.12140363523736,1.0,399.61175095945555,298.6333191375028,1.0,439.6732530069694,241.2111175213164,1.0,411.29109572961124,277.92386745024055,1.0,419.8731890908855,265.9032431558942,1.0,428.2612448321389,254.89779073816496,1.0,412.418990793919,251.79500342886118,1.0,428.97642228956164,286.10486060577006,1.0,439.703190518124,222.92220526271305,1.0,449.761207503794,242.7760347653575,1.0
28,283.2326129957124,323.70018419215137,1.0,291.5099095451937,354.307967009632,1.0,291.15298340797045,357.4769074054161,1.0,289.84362828955665,358.93132531165764,1.0,289.450264916461,360.3439530392659,1.0,286.79386043698315,361.8393473036272,1.0,273.88405461992033,300.6852734252252,1.0,240.52028487470022,234.5374805302865,1.0,267.0878919736105,279.4384218665301,1.0,261.58424822436,263.5166537640758,1.0,255.0418980415233,250.31470275078652,1.0,280.25464631448193,250.21503816508235,1.0,244.1471946521755,281.58413830603973,1.0,236.76188379377288,215.77236393241355,1.0,218.650276094177,235.97544955703376,1.0,282.18374810595225,104.08773807323642,1.0,293.8656002209592,121.21968900976204,1.0,294.0724420117336,121.88604760402465,1.0,293.19067940705077,121.82065394678413,1.0,292.8956232315716,122.06229569363803,1.0,291.58930995150035,122.15885844190004,1.0,269.7571973034321,88.17020197143972,1.0,237.78405911746808,44.80721189303485,1.0,265.85631325577106,81.63615411683614,1.0,259.5365282505108,70.94973561204836,1.0,251.88594117219012,58.233466245066566,1.0,252.31682931512398,63.47895790768925,1.0,247.89353587451515,61.78561409302686,1.0,223.7930859004047,39.4433040893986,1.0,222.3232858630532,44.306717508245065,1.0,388.1647195670577,321.3667306715746,1.0,376.5075560310048,353.54388148651464,1.0,377.0422632556002,357.01182701448346,1.0,377.6165834101847,358.666573680325,1.0,378.6843777298122,361.0623520835051,1.0,379.2790385434882,363.0394655573275,1.0,399.5412029707193,298.5149434566376,1.0,440.03472482245655,240.03039800439635,1.0,411.2379015840573,277.78693972667884,1.0,419.95725251692824,265.5707273526115,1.0,428.4701028819574,254.38692023518868,1.0,411.85464249586835,251.76890580109074,1.0,429.72719863709483,285.63478489467497,1.0,439.260303802232,222.309374302888,1.0,450.5648543996603,241.21485034345318,1.0
29,282.99746870395165,323.17199392825125,1.0,291.59284890491045,354.1180891398301,1.0,291.26491490661726,357.30084812727256,1.0,290.01020025136876,358.79073574287173,1.0,289.5719208904846,360.2624282449998,1.0,287.0284856924606,361.8913420430468,1.0,273.6226032490794,300.3131608359112,1.0,241.2501467339806,233.79849632012215,1.0,266.8242824667136,279.3211730199691,1.0,261.3957698496726,263.4053496984735,1.0,255.25907018576265,249.84329859066628,1.0,280.02305316632794,250.22706326729147,1.0,244.62834622357374,281.35864172793407,1.0,237.64625269091945,215.37527712400902,1.0,219.5316764884464,234.96266118443677,1.0,282.1380182676615,104.1052311694026,1.0,293.89390656913844,121.16269164012266,1.0,294.1452107727817,121.82974554679862,1.0,293.19835576329865,121.7874558147783,1.0,292.92732516475934,121.99888766823165,1.0,291.6410173301171,122.1466396276126,1.0,269.80608857600345,88.25758303717153,1.0,237.75002830960722,44.01133587055975,1.0,265.6736067808587,81.3690534260989,1.0,259.3886933333942,70.47695661938633,1.0,251.74266372045213,57.4465833756966,1.0,252.11077959634144,63.97193156441137,1.0,248.13408559811478,60.238788721932664,1.0,223.95128908755515,39.29060232623276,1.0,222.7180852428295,43.30418770513691,1.0,388.1586188341137,321.0438237074449,1.0,376.51127595993347,353.4655128162435,1.0,377.05548816412386,356.9377639993536,1.0,377.63902775747687,358.5489743398189,1.0,378.7243294144287,360.98805623645904,1.0,379.32873167414454,362.99901726792154,1.0,399.4613779879906,298.29455832063854,1.0,440.4530539107363,238.8475189391018,1.0,411.14964863122975,277.74740668684433,1.0,420.03947983154666,265.29143218979635,1.0,428.74859436321,253.75016230178414,1.0,411.16087711481066,251.77352892807696,1.0,430.51936270173417,285.37129598225505,1.0,439.03056887040907,221.8499453961358,1.0,451.3382250810098,239.81703464582822,1.0
30,282.7959293908241,322.7226797385278,1.0,291.6741545490088,353.97057785612986,1.0,291.35796128530046,357.16910868156384,1.0,290.1604812077454,358.71119026793076,1.0,289.64126733547147,360.2837378952714,1.0,287.2284089754076,361.9805709407568,1.0,273.4106710962114,300.0135124250031,1.0,242.00501051856665,233.14183852869522,1.0,266.5309990772854,279.21403406075336,1.0,261.1639150983145,263.3660068724281,1.0,255.39948206250446,249.58229293030527,1.0,279.56891996289124,250.2578851416381,1.0,244.79503130106306,281.2101571265086,1.0,238.61534797447842,215.08012044255332,1.0,220.52755270362854,233.85852960960446,1.0,282.100499842021,104.12595601947329,1.0,293.93621691439944,121.11458462845627,1.0,294.21595096664885,121.79261473761805,1.0,293.2185195247232,121.76940539823102,1.0,292.9605503436702,121.95622606611846,1.0,291.69352875121035,122.1492269323574,1.0,269.877609471163,88.38147517184946,1.0,238.03291360190627,43.27013902044362,1.0,265.4567232144349,81.07046941921993,1.0,259.16232084852396,69.9483409408355,1.0,251.51409267446093,56.72980092932011,1.0,251.8352845035168,64.74367583130712,1.0,248.3228958863961,59.18048769619166,1.0,224.6265587121313,38.49159875150398,1.0,223.3251294839479,42.137013785806914,1.0,388.1456768934553,320.7746432631918,1.0,376.5153662555201,353.4204875832029,1.0,377.0566304815389,356.8910037854738,1.0,377.6644483235478,358.48162342129245,1.0,378.7511255107643,360.9885078771269,1.0,379.3825300356375,363.0020135306746,1.0,399.3661898887401,298.12891502040935,1.0,440.9066783318911,237.76227865061202,1.0,411.0550160960933,277.7302994166829,1.0,420.1053448816382,265.08691733744246,1.0,428.92151097483907,253.34722846573356,1.0,410.25337469025294,251.82722887378048,1.0,431.14340262055345,285.0234822414695,1.0,439.33776302562694,221.4440941390903,1.0,452.2619476094338,238.35704887462882,1.0
31,282.6475067166644,322.3889959942784,1.0,291.7576604741744,353.8423526003795,1.0,291.45841966544526,357.04453405924,1.0,290.2783654826529,358.73859659318305,1.0,289.68184320679245,360.37635039647364,1.0,287.40403077064553,362.1069678278149,1.0,273.30108733930837,299.8692351097707,1.0,242.73455696954738,232.51712223826462,1.0,266.21098580258047,279.1071350373603,1.0,260.9760574455418,263.3863949737933,1.0,255.4918244072108,249.36880017480905,1.0,278.9671411329206,250.28790010627597,1.0,244.77588173935087,281.22333697731284,1.0,239.58421060041744,214.8545523916276,1.0,221.6614809296874,232.74888044949333,1.0,282.0758951539479,104.14506412827009,1.0,293.9907106985129,121.06695870532592,1.0,294.31248262613843,121.74285255280134,1.0,293.2597265178216,121.77733101969785,1.0,292.994262859657,121.92945803592454,1.0,291.74879661746854,122.16511089823088,1.0,269.98899850381287,88.57292431911938,1.0,238.32065365843286,42.488762163877944,1.0,265.214644187889,80.74613062609288,1.0,258.94175992148905,69.47842670991712,1.0,251.23707794352134,56.025605846617914,1.0,251.49264832794233,65.58320428261645,1.0,248.45028481423657,58.39418100927313,1.0,225.60790495705447,37.51891147234784,1.0,224.37383154929887,41.01788365673538,1.0,388.1348713245055,320.5745082993879,1.0,376.52299870007585,353.3947905602141,1.0,377.0678947558061,356.8600601490951,1.0,377.69456791573265,358.5024251366529,1.0,378.765700489274,361.0373165572425,1.0,379.44215657852095,363.044738404467,1.0,399.2564456299334,298.07476457082635,1.0,441.4018278213677,236.67826659665,1.0,410.9617642883069,277.71954982517025,1.0,420.12649432836184,264.9765470129719,1.0,429.0832221941289,252.99368918820477,1.0,409.237837584065,251.90402841822208,1.0,431.6516389321022,284.7203375311779,1.0,439.8217289062228,221.1207660569019,1.0,453.21298501772765,237.0797826947678,1.0
32,282.54320621766755,322.15239505622833,1.0,291.83661176841474,353.7548518767641,1.0,291.554407258149,356.9359517745852,1.0,290.37251514320945,358.8348305265393,1.0,289.70268986982745,360.5270076701292,1.0,287.54113073226796,362.2987166665246,1.0,273.01426781289916,299.4926387564977,1.0,243.43567953437898,231.98620710737936,1.0,265.8779242846177,279.0429772722109,1.0,260.8093795336588,263.4561963045022,1.0,255.5082279966086,249.30773268564488,1.0,278.2397648221362,250.31230219046847,1.0,244.6896287075257,281.36523503047806,1.0,240.74769113906,214.62069186934232,1.0,222.90318916756493,231.63626839419115,1.0,282.06441388813346,104.16823992175853,1.0,294.04685026768607,121.03908436593831,1.0,294.41133758272366,121.70416417736286,1.0,293.3133566047897,121.80255238847602,1.0,293.0308330107778,121.91193597388742,1.0,291.80914064332813,122.20526862551935,1.0,270.0516773851573,88.70228193509045,1.0,238.8046419730488,41.80136784672447,1.0,264.93393892568827,80.39944068258652,1.0,258.7095725365546,69.0216843310605,1.0,250.91396248389137,55.428908387249976,1.0,251.08504566696357,66.43699920158306,1.0,248.53692187437315,57.69531917489505,1.0,226.97882939382154,36.33038130531356,1.0,225.77867107458692,39.92654852630327,1.0,388.12022977593654,320.4358908042851,1.0,376.5192798334437,353.39331636952465,1.0,377.0696180535737,356.8409287538091,1.0,377.72662383484527,358.57992697030613,1.0,378.7732058254311,361.1253338524382,1.0,379.5120717852133,363.15554865638774,1.0,399.2148270837023,297.8426822874086,1.0,441.88316524936675,235.7326790087296,1.0,410.8461845982951,277.7736434941491,1.0,420.1136424090827,264.9337422838497,1.0,429.1711926127904,252.81822490144762,1.0,408.14278733252695,251.99695598888056,1.0,432.1085160343636,284.4903061108635,1.0,440.4451124351099,220.79389587784996,1.0,454.19424674940626,235.95051423710277,1.0
33,282.40133313647175,321.8151457316262,1.0,291.91984413061806,353.67354936602624,1.0,291.6462919634618,356.8483849281013,1.0,290.45573072653053,359.0356078907214,1.0,289.7266718724339,360.72251261444626,1.0,287.66378346986806,362.4615102881784,1.0,272.68389136278523,299.0662699068881,1.0,244.06568119837877,231.5743853124865,1.0,265.52972777739245,278.996935495831,1.0,260.6629288153171,263.571090354276,1.0,255.482131793825,249.36519868569627,1.0,277.52551423280704,250.31414387961686,1.0,244.35376889778124,281.6973266311886,1.0,241.76472041722906,214.46919858306836,1.0,224.3311131031006,230.3729423185931,1.0,282.04348045051654,104.17818396012643,1.0,294.10643836951033,121.01666434189376,1.0,294.5201142113826,121.67064337150823,1.0,293.39436157430976,121.85150567882427,1.0,293.0734610523124,121.89676956847121,1.0,291.8604437479984,122.24140722203488,1.0,270.11178448710365,88.83602089454445,1.0,239.4436798835592,41.2884878370542,1.0,264.6278485619618,80.03397579591731,1.0,258.472396811441,68.60351924159431,1.0,250.58501896697442,54.94161316146231,1.0,250.64209178173954,67.09701771472295,1.0,248.55157947801789,57.3450289224409,1.0,228.39444396717604,35.11999599354316,1.0,227.49192297035262,38.61002795353457,1.0,388.13139403432,320.2151500628826,1.0,376.5102825326052,353.3984975421931,1.0,377.0677496912259,356.83977004648176,1.0,377.76933317586986,358.74351885862603,1.0,378.776080698602,361.23810781933133,1.0,379.5711739619699,363.2468581601468,1.0,399.19280811123457,297.572005017822,1.0,442.2867629474172,235.00311887067394,1.0,410.7214086814069,277.8574981032117,1.0,420.07424090634163,264.9598993674915,1.0,429.19271804067836,252.7875456883883,1.0,407.0931175294519,252.06987940069254,1.0,432.4268276162446,284.29062530156096,1.0,441.15282703201325,220.56144142021736,1.0,455.38297737640244,234.70735522800845,1.0
34,282.23556115012076,321.42533007862176,1.0,292.0015806665335,353.6127497917864,1.0,291.71635684775345,356.825373987724,1.0,290.5437123647168,359.20922647936885,1.0,289.7439402972439,360.97348711111425,1.0,287.7650825617664,362.7005538094161,1.0,272.45553737667234,298.7907096735231,1.0,244.73423033501265,231.10561721238204,1.0,265.1771322174535,279.0003330893081,1.0,260.514791735409,263.7185821221831,1.0,255.41028736859985,249.5283621958682,1.0,276.7259086513424,250.30684611809474,1.0,243.9081974803874,282.03988361455947,1.0,242.67648384598908,214.3657409683105,1.0,225.30886684254583,229.85153443905088,1.0,282.01525382240754,104.18557924230085,1.0,294.1722987949131,120.99826547928971,1.0,294.64425398007165,121.6451718830027,1.0,293.4677091706334,121.89652843562672,1.0,293.12794765157616,121.87662198671211,1.0,291.92208165956,122.30260559215246,1.0,270.2161560547788,89.0420443104503,1.0,240.0225560645917,40.69364928752873,1.0,264.2871612311007,79.65324721915374,1.0,258.21881327594025,68.20062490889237,1.0,250.28097900485142,54.614210874471,1.0,250.15153790572094,67.70868712189915,1.0,248.5265117306384,57.32725792549722,1.0,229.80298471172333,33.94638750583,1.0,229.43279203543662,38.29087588284364,1.0,388.14492900543274,319.9609392693973,1.0,376.50189599598366,353.41936270003646,1.0,377.0664748467163,356.8854533353992,1.0,377.8081633070427,358.884462245947,1.0,378.7833306924661,361.38842086128346,1.0,379.6461745021785,363.40928005292017,1.0,399.14431022345167,297.4134694251564,1.0,442.7288110969945,234.170743660013,1.0,410.57146687164976,278.01341323309225,1.0,420.0236675737356,265.0317780547493,1.0,429.15219673433126,252.89683573695163,1.0,406.02308493368713,252.15165503296026,1.0,432.58693988175406,284.10794994616776,1.0,441.87505755323855,220.38957079247442,1.0,455.8833097954779,234.73830948148944,1.0
35,282.0905029358704,321.07596594653603,1.0,292.08033013420254,353.58249865871795,1.0,291.7687696709491,356.8541722360894,1.0,290.6515602680138,359.3896964524705,1.0,289.79980183229105,361.23549980144236,1.0,287.87411659732356,362.95967856510316,1.0,272.2963131777234,298.6222524455769,1.0,245.39157239055533,230.7081219878216,1.0,264.82648232673085,279.0375077090556,1.0,260.3639276291826,263.87449174571583,1.0,255.30219969615544,249.79261328846897,1.0,275.8498037598556,250.28838481905396,1.0,243.31396032457968,282.3303882388358,1.0,243.55759837229093,214.2773549519267,1.0,226.3978082893788,229.23595952246865,1.0,281.9946790740454,104.19404189251651,1.0,294.24443194736926,120.9887954947168,1.0,294.7794185576163,121.62899307237484,1.0,293.5511405476277,121.93834922236134,1.0,293.18963956612214,121.85077414219528,1.0,291.9887502030741,122.36905864436044,1.0,270.355844867952,89.3086291014428,1.0,240.78120097335736,40.167146488828905,1.0,263.9276060261684,79.26749758821988,1.0,257.96219609319905,67.8156960040714,1.0,250.15135715046202,54.681835331526145,1.0,249.62029430515048,68.2360072838681,1.0,248.4708434149203,57.73498146797623,1.0,231.2376326357788,32.83817915692144,1.0,231.55103737732466,37.82650265613802,1.0,388.16136039290257,319.72811392705836,1.0,376.4913462423143,353.4615640603935,1.0,377.0628222749109,356.9683737737956,1.0,377.8558880208418,359.0313305848545,1.0,378.7876037565763,361.5321815395896,1.0,379.7273448200623,363.58561869149037,1.0,399.0808403972921,297.3339763455398,1.0,443.1681825592281,233.44037353216788,1.0,410.40670655201177,278.2163139835534,1.0,419.974341904724,265.1192048758194,1.0,429.0262313276017,253.18564909633824,1.0,404.9692893381808,252.2415018213492,1.0,432.5641372001487,283.88147957805245,1.0,442.56291663485916,220.25056602181547,1.0,456.51444535670674,234.6911191179058,1.0
36,281.98168959994535,320.79069609775917,1.0,292.16435073768076,353.52436603471597,1.0,291.8295092075811,356.8753909157381,1.0,290.76347556566407,359.5470064658864,1.0,289.85718470387684,361.54042831627726,1.0,287.9942959728763,363.27392374430354,1.0,272.18049915193427,298.52460626866855,1.0,246.133990425167,230.299050261893,1.0,264.47472669472955,279.137415703506,1.0,260.22581233373023,264.1039191350961,1.0,255.25157998038353,249.95914484384667,1.0,274.84332956004306,250.25538727997906,1.0,242.71827503883148,282.60974061954283,1.0,244.39262920152544,214.21059376060208,1.0,227.56751161215237,228.5798293628922,1.0,281.99317575112684,104.2105354831135,1.0,294.30755406549866,120.9787321321715,1.0,294.92681919977207,121.60416129403696,1.0,293.62566522376704,121.98164027339084,1.0,293.2527899536075,121.83408431107817,1.0,292.0684905257849,122.44828448568195,1.0,270.5240335970879,89.62564161418335,1.0,241.7578803470227,39.612714898114646,1.0,263.52837980641857,78.86685603961145,1.0,257.687529194438,67.5093797232946,1.0,250.18691779956953,54.89556559412526,1.0,249.02671583009297,68.6594401930553,1.0,248.3884620863899,58.32781039683457,1.0,232.68957178281158,31.788192698645297,1.0,233.80802254081306,37.37920763983914,1.0,388.18252581910525,319.526606848388,1.0,376.474072342246,353.4828031770624,1.0,377.0647685392786,357.05200185662,1.0,377.89692528379794,359.1583270985475,1.0,378.7809046804535,361.69779728679987,1.0,379.82513346818064,363.80430272562444,1.0,399.00748369389834,297.3073064007008,1.0,443.6647378089153,232.6731566576391,1.0,410.21046806579716,278.50934351360877,1.0,419.89764852221913,265.32252322458675,1.0,428.92350985216166,253.40104271992456,1.0,403.9312910949009,252.34826327522018,1.0,432.42662532463726,283.7130659369515,1.0,443.22722572798074,220.14937929763244,1.0,457.1515299014423,234.6467532701966,1.0
37,281.9398191734981,320.6395783744021,1.0,292.24736730070777,353.48190771384435,1.0,291.88268700961464,356.92815931895274,1.0,290.89035719733556,359.726189610962,1.0,289.9310570660283,361.87932913822544,1.0,288.149473261651,363.56880956317417,1.0,272.1204246597915,298.5152435348138,1.0,246.6467718829286,230.2374040253826,1.0,264.1441684581648,279.2403855071807,1.0,260.12853121771036,264.368250240209,1.0,255.15412868520974,250.26462888419513,1.0,273.7357961643419,250.19254783736994,1.0,242.17897736287355,282.9112522135264,1.0,245.0759534820762,214.18719829199927,1.0,228.76358706288255,227.9204774005787,1.0,282.019732828468,104.23944800078719,1.0,294.3759467045127,120.97131761834804,1.0,295.08926211797814,121.57917292692069,1.0,293.7085437363913,122.03467551255939,1.0,293.3173265116448,121.8254678412848,1.0,292.1528423271573,122.5125448363705,1.0,270.70435493548564,89.96603921784897,1.0,243.13012118470584,39.61573640188526,1.0,263.14752288101323,78.48787942125506,1.0,257.4417257724927,67.3205924524672,1.0,250.3033985097184,55.38068312876811,1.0,248.36487217024546,68.81737828636852,1.0,248.27732469323107,59.00263606585509,1.0,234.04565747104883,30.925292281163287,1.0,236.12210669806905,36.969738289497286,1.0,388.20243479911227,319.40347254705654,1.0,376.4577050591792,353.51635148433985,1.0,377.0699964003834,357.16185830104865,1.0,377.94091706912,359.3025585084688,1.0,378.7614384984553,361.8744266591281,1.0,379.9257652344659,363.99536122917715,1.0,398.9428519061736,297.338274319176,1.0,443.88627801498956,232.57049334212388,1.0,410.0195340609901,278.7985615720597,1.0,419.800997671017,265.60425674938233,1.0,428.7280461397491,253.81302457510196,1.0,402.991131580641,252.45811440846214,1.0,432.2027054598463,283.6544348759297,1.0,443.79666583977126,220.12169107823956,1.0,457.76851920311896,234.62662693017873,1.0
38,282.01430728641,320.7357074124844,1.0,292.33280546555505,353.4179802754699,1.0,291.9531856521021,356.957944452764,1.0,291.04709137263285,359.87555064668044,1.0,290.02770178611496,362.24450234851827,1.0,288.3202164885465,363.92068331620123,1.0,272.10060862223673,298.5720761056309,1.0,247.09628957689677,230.32919709543032,1.0,263.89412154256684,279.43418010866236,1.0,260.05392686977456,264.67686884586357,1.0,255.0218835297949,250.65066799253768,1.0,272.6015681523634,250.11327274648713,1.0,241.7116421077328,283.2295081949313,1.0,245.52424800098794,214.24620130051193,1.0,229.76545661006173,227.41064112404507,1.0,282.0855629685517,104.28174650240693,1.0,294.43726940419776,120.96146054378227,1.0,295.2697835844048,121.53776722490986,1.0,293.79045176810513,122.082729164038,1.0,293.3905521741527,121.81155588593903,1.0,292.25095118650626,122.59081247699717,1.0,270.89283562246123,90.323789545349,1.0,244.79086015170435,39.859655463110684,1.0,262.7867479793377,78.16916016460715,1.0,257.20126757537,67.21415740181654,1.0,250.48993716289888,56.07346479677805,1.0,247.69018619177444,68.7882298520955,1.0,248.1488723796354,59.68362150908812,1.0,235.3061607520913,30.279549817775106,1.0,238.12397352515066,36.743860478721885,1.0,388.2166232144874,319.4318108047435,1.0,376.43861693228956,353.53334440222125,1.0,377.08520620594436,357.2653841193903,1.0,377.98693084925776,359.42167735372533,1.0,378.7414201901936,362.05967836301073,1.0,380.0436433974845,364.2285110646777,1.0,398.8894392734223,297.41110270719474,1.0,444.0105439519,232.7536267661753,1.0,409.7901659572606,279.19477738405647,1.0,419.6849361245086,265.96600367630487,1.0,428.4770820007159,254.34762646175244,1.0,402.1741059051778,252.56901377949364,1.0,431.9340132087237,283.6890498636955,1.0,444.2827839562303,220.21750100804215,1.0,458.20844567652,234.71163841967882,1.0
39,282.17487248442586,321.01866273416056,1.0,292.41051766177037,353.4084823062922,1.0,291.9899731719417,357.0777609259461,1.0,291.2143351286474,360.11152176410735,1.0,290.12158607750604,362.6768314252542,1.0,288.5089323429676,364.3400791308757,1.0,272.0624400134195,298.61078807004924,1.0,247.39854079553015,230.57173636625478,1.0,263.65977144773166,279.6343505119451,1.0,259.9855337302087,265.03869706394096,1.0,254.90217317732203,250.96143661883735,1.0,271.2154757069656,250.06343728348554,1.0,241.38964793821245,283.66603569496135,1.0,245.95202912901206,214.28956403765616,1.0,230.67844355737648,226.9516352925673,1.0,282.17931742119424,104.33461767909061,1.0,294.5155429313445,120.95695507089957,1.0,295.4636926645809,121.51210683045288,1.0,293.8995685429139,122.15271763970489,1.0,293.4813688703667,121.78680131650113,1.0,292.3677715631633,122.67912099533763,1.0,271.0662624835059,90.66235122354144,1.0,246.46426755749633,40.27005740703849,1.0,262.4372996771102,77.8668495576006,1.0,256.9512688565145,67.19327735248923,1.0,250.74120416784507,56.82097849592118,1.0,246.96845992528694,69.1055195818617,1.0,247.99686623502404,60.157235404768166,1.0,236.52047531760465,29.863875765578157,1.0,239.9539951991647,36.557246602247545,1.0,388.2229611453658,319.5779524838712,1.0,376.42762490407216,353.591391016118,1.0,377.09788120661915,357.4306942150134,1.0,378.04479862963734,359.61160086695224,1.0,378.7303320988996,362.2899550585251,1.0,380.184808700532,364.5129725804269,1.0,398.86417889596873,297.46269264316595,1.0,444.0472115933067,233.1806047173898,1.0,409.5678776492453,279.59183041000585,1.0,419.5564473571341,266.4193445788331,1.0,428.2622616234161,254.8120399692863,1.0,401.1692980564372,252.74754739997692,1.0,431.6953799384482,283.90299012512764,1.0,444.5925917055533,220.33441319448522,1.0,458.5960116312885,234.80194646147052,1.0
40,282.4033903487138,321.44298566806447,1.0,292.47714972296467,353.47315447770944,1.0,292.01424075464485,357.2353445575499,1.0,291.36783563211657,360.4138805666961,1.0,290.20840637623013,363.181240095361,1.0,288.74976834871796,364.81857171010097,1.0,272.1915072843612,298.88330359776313,1.0,247.54880299923053,230.88926281614008,1.0,263.4720620618756,279.7983443949234,1.0,259.91212817845167,265.35034903726034,1.0,254.72783964448308,251.31860442316312,1.0,270.1446945815917,249.94944329388986,1.0,241.1650257736052,284.1147803442592,1.0,246.5215032671959,214.2543610426192,1.0,231.62150167252818,226.4337537003863,1.0,282.29577121999796,104.39264206790487,1.0,294.61564428070386,120.96064331497092,1.0,295.66777772925326,121.48920443751331,1.0,294.0238768929723,122.23823982532981,1.0,293.5909086443282,121.75034271983687,1.0,292.5135040955483,122.75600915405496,1.0,271.28211303846666,91.0624133686533,1.0,247.9117716422937,40.786937442722305,1.0,262.1544221868036,77.62028909724943,1.0,256.72867178672567,67.18571495069398,1.0,250.97606307057683,57.64421318027532,1.0,246.3051242224353,68.65348784737027,1.0,247.84273639408494,60.526967071281994,1.0,237.75612572447557,29.612889496912814,1.0,241.74861378134236,36.28733640973824,1.0,388.2306576409171,319.8070352608363,1.0,376.4267788712495,353.7044917270109,1.0,377.11281136489254,357.62379787341536,1.0,378.1075006771889,359.8562284923254,1.0,378.72977054391833,362.57019063791705,1.0,380.35907946128344,364.8324191795126,1.0,398.8040568658145,297.6835941457504,1.0,443.9807883676305,233.7531701228304,1.0,409.3731769693514,279.9214290181832,1.0,419.4570238514771,266.81206689609814,1.0,428.0335291077707,255.33577132427433,1.0,400.6414291723905,252.83639490278162,1.0,431.4701696986046,284.19205359430174,1.0,444.71822723061683,220.39684866127482,1.0,459.038813035143,234.78336816921976,1.0
41,282.6952785791504,322.00457847119407,1.0,292.5296149495967,353.6505005111496,1.0,292.01530530638087,357.45815755452116,1.0,291.490273529419,360.79866704326594,1.0,290.2720821340518,363.8134934430427,1.0,289.0184719347296,365.491049773149,1.0,272.4917749522124,299.39389957714104,1.0,247.55315537616266,231.1986265205061,1.0,263.29060618379475,279.9405761769532,1.0,259.8138081787166,265.64675895672127,1.0,254.43646589453044,251.8861634403543,1.0,268.9779018241213,249.86062413334045,1.0,241.05082290597477,284.6205843548372,1.0,247.04032420587217,214.2152359574626,1.0,232.48333633500766,225.97201617876254,1.0,282.4300302161353,104.45290136948897,1.0,294.7530336601453,120.97499751121318,1.0,295.88638632749746,121.47099410489872,1.0,294.1665848673684,122.33578788537005,1.0,293.8005750230411,121.58401650671128,1.0,292.70560693361244,122.87282166688358,1.0,271.5325499174978,91.51029516767849,1.0,248.8923718639019,41.28104957194116,1.0,261.8912055496376,77.38653135842722,1.0,256.5057980005462,67.2154558458748,1.0,251.0789122085382,58.519046175163744,1.0,245.64634431694344,68.45586584058752,1.0,247.67391044603193,60.777681585182776,1.0,238.9256617329078,29.585660181271138,1.0,243.40213691001296,36.077970460859646,1.0,388.23772267674457,320.119659925347,1.0,376.4428202584301,353.90429305041596,1.0,377.1323252752287,357.86337321553003,1.0,378.17798819293284,360.16979957200465,1.0,378.8585125078977,362.981378659788,1.0,380.59288075403094,365.3061694070236,1.0,398.71544247109097,298.0740777123495,1.0,443.8480878659493,234.32041181095894,1.0,409.1972439057322,280.2149513062103,1.0,419.3877063295947,267.19450107114415,1.0,427.7171454396693,256.0862046113753,1.0,400.00790116794025,252.9610843410703,1.0,431.25087551931614,284.60332710476143,1.0,444.68233197555287,220.489994020852,1.0,459.41796324433784,234.793216056663,1.0
42,282.96940304646955,322.51671191815126,1.0,292.5804232194799,353.75032549342365,1.0,291.95780963126265,357.7966184061721,1.0,291.61007912398964,361.3901956097129,1.0,290.3300195032437,364.4598700495039,1.0,289.2467879297349,366.38312228865385,1.0,272.7147879359629,299.78846504812253,1.0,247.5696611930369,231.41553168178388,1.0,263.1561842677868,280.07941158990485,1.0,259.6796432673093,265.9075998815615,1.0,254.15711639201254,252.43114246179718,1.0,267.84167870699014,249.78494805964652,1.0,240.92492416333667,285.0073448840895,1.0,247.47856751323775,214.19794851595654,1.0,233.1599890049223,225.6772993719734,1.0,282.5593913500695,104.50470356582815,1.0,294.8429128635036,120.99500090254438,1.0,296.08595351014975,121.49088066534058,1.0,294.3737451427021,122.47046727826833,1.0,294.0076450860902,121.42519241257028,1.0,292.9354196283149,123.04829489163888,1.0,271.73031860261,91.87119689177803,1.0,249.62960724840974,41.67206468598974,1.0,261.67468689901847,77.20140894781865,1.0,256.27572662802316,67.22295127212617,1.0,251.1858150855858,59.372130621387356,1.0,245.02414075163776,68.35410091362789,1.0,247.5177645167071,61.173127545961485,1.0,240.03119127798325,29.641574279648943,1.0,244.78498245965196,36.12487316055295,1.0,388.2603910418391,320.3897584614159,1.0,376.43507647975184,354.02876284956665,1.0,377.1361769511931,358.1660789658556,1.0,378.28089889919767,360.65450708171585,1.0,378.98051785012,363.40063709924544,1.0,380.880640301974,365.97930543450894,1.0,398.6640563494166,298.37171332079845,1.0,443.7285073412892,234.7460562200999,1.0,409.0312997418573,280.4883635164001,1.0,419.3535986755896,267.52394962733433,1.0,427.4119303349504,256.8092470806665,1.0,399.3721397658523,253.0909404421118,1.0,430.9730546450868,284.9530837594135,1.0,444.6068506841136,220.61609385401857,1.0,459.5723777699094,234.9598146581539,1.0
43,283.21787899033546,322.96836491906294,1.0,292.59422000519555,354.15334739707896,1.0,291.9433696124089,358.0112078995505,1.0,291.7637628644022,361.892422896078,1.0,290.35770110867344,365.1859306983344,1.0,289.84809931791114,367.28820614948705,1.0,272.98129604907587,300.23315550703444,1.0,247.4044140609007,231.74225251430227,1.0,263.0418953230949,280.2625700691749,1.0,259.4990167732622,266.1227502858389,1.0,253.8759515381204,252.91189396057595,1.0,266.74749131006604,249.734842086117,1.0,240.7235271964466,285.2414580506105,1.0,248.00243038999508,214.12584096592585,1.0,233.62947685873996,225.551031996813,1.0,282.6782052619392,104.54551751053957,1.0,295.0350999797139,121.04264519752061,1.0,296.26147238058485,121.48675637726907,1.0,294.57047734173557,122.57297138976764,1.0,294.23408678239394,121.25381599667719,1.0,293.2484823282602,123.14670707954366,1.0,271.9214347187049,92.21297359290324,1.0,250.1548215200161,42.19893031314756,1.0,261.4501888971628,77.02813186150308,1.0,256.03536707826146,67.19778493332817,1.0,251.24877619105007,60.123768826006874,1.0,244.4668341212332,68.4443229601952,1.0,247.37575612863245,61.82636152063935,1.0,241.11048871431728,29.7987694150337,1.0,245.86068621357617,36.374296339112334,1.0,388.2960800416382,320.614150587113,1.0,376.47373716671115,354.38796687086204,1.0,377.14722294029747,358.3807208919949,1.0,378.38884933055715,361.0667347030223,1.0,379.1185685927399,363.8837990040524,1.0,381.2462315109042,366.5372717521215,1.0,398.6036651251748,298.70432274768416,1.0,443.49471575639575,235.367157154425,1.0,408.85120361020915,280.81679564536694,1.0,419.36420892014854,267.78419958434023,1.0,427.15670409713107,257.443736716253,1.0,398.7251339033611,253.23415562687595,1.0,430.6051921779997,285.18673067847783,1.0,444.41335851234305,220.6965333814989,1.0,459.53691669325775,235.26290218224946,1.0
44,283.45992736890724,323.41047025679535,1.0,292.60776512305165,354.4759889196178,1.0,291.8706256648707,358.31543959134,1.0,291.9528476189903,362.34464306433,1.0,290.4588372811237,365.80863634409667,1.0,290.4766659859389,368.1776316442178,1.0,273.20309816991585,300.60874919759937,1.0,247.11821342555504,232.0297972999886,1.0,262.94992028300817,280.45903832095325,1.0,259.24905903050825,266.35637766362373,1.0,253.5719686089184,253.35944806037804,1.0,265.7695101539935,249.69411908921288,1.0,240.7550349743966,285.60415264415104,1.0,248.45029927186127,214.09668173404813,1.0,234.05597597785246,225.43067933846822,1.0,282.78884124457534,104.5769138753925,1.0,295.190902705072,121.08158350275005,1.0,296.39121825704854,121.52823593784002,1.0,294.7611695022217,122.66748706027164,1.0,294.4349746698439,121.10209541502593,1.0,293.5655308651115,123.23196114405415,1.0,272.079786303884,92.49953723955795,1.0,250.20454032244692,42.717757708932304,1.0,261.23880801792416,76.87539863258293,1.0,255.72019592356827,67.06608991104403,1.0,251.22279602095125,60.7442096347859,1.0,243.97338659436318,68.56472410795787,1.0,247.24510006296035,61.954100534359384,1.0,242.1650345348691,29.824162611083132,1.0,246.81019571987483,36.61304547569708,1.0,388.33664259819403,320.8314492767131,1.0,376.50337647260767,354.6772288479147,1.0,377.1346546575178,358.63048573145016,1.0,378.4964725130337,361.4370007109825,1.0,379.2251519123822,364.26946739339155,1.0,381.6144794142195,367.07349577796856,1.0,398.5638218589709,298.981921000842,1.0,443.1728611011373,235.9656770822817,1.0,408.6714611228114,281.1557349035259,1.0,419.3902627796369,268.0360023425113,1.0,426.94360293614875,258.01582764862434,1.0,398.1293735283553,253.36445699924369,1.0,430.4229276351249,285.5825856256088,1.0,444.35056695042164,220.79708871760735,1.0,459.4915049494122,235.52031090138303,1.0
45,283.6924606743492,323.8388573490929,1.0,292.61599200240977,354.74028626283604,1.0,291.7072340183329,358.7561658289835,1.0,292.1425972369183,362.75730280391986,1.0,290.5819512516264,366.37762700756605,1.0,291.00671037641615,368.85889233395613,1.0,273.37995767668764,300.91212597174456,1.0,246.90126511120727,232.17507579493798,1.0,262.8976460701291,280.6881080129465,1.0,258.9554035740576,266.51660442125785,1.0,253.22584564810128,253.7697965932898,1.0,264.8864747193725,249.65741931769443,1.0,240.72929865041445,285.87363375231234,1.0,249.04063916798123,213.97125409576057,1.0,234.36991171870554,225.39043777471926,1.0,282.890778938842,104.60129525263746,1.0,295.3123120055439,121.11767114787332,1.0,296.4481932483061,121.63758401213649,1.0,294.9429412711218,122.74807090909847,1.0,294.6183575349972,120.96615522267511,1.0,293.81688926798813,123.29206452127406,1.0,272.20942476820954,92.73583274873312,1.0,250.0343390122124,43.089214970277084,1.0,261.04514792103834,76.75663428361393,1.0,255.41376825603984,66.91103452374855,1.0,251.12108815068834,61.282609185351625,1.0,243.52472910480174,68.68118475685283,1.0,247.1140591546124,62.30548955986565,1.0,243.1036678302628,29.907899427026663,1.0,247.58359411021897,36.91902700321393,1.0,388.37793535747943,321.04232770620047,1.0,376.52358717919475,354.9097975145039,1.0,377.0884717033104,358.93203117832593,1.0,378.60271484876296,361.7753073840704,1.0,379.31331209772077,364.6088766466234,1.0,381.9038880680785,367.46677741421064,1.0,398.5352926767002,299.20535638858723,1.0,442.88943012525937,236.34818466763562,1.0,408.48533372882116,281.5272288017272,1.0,419.47392126306283,268.1858925172134,1.0,426.77815797972585,258.5285470884824,1.0,397.57828476849,253.4810700380688,1.0,430.1491569990185,285.92049232480423,1.0,444.1670457768839,220.78585999852024,1.0,459.3731544396961,235.82627573492064,1.0
46,283.9173991616257,324.25719032245513,1.0,292.61465205609187,355.03710373345064,1.0,291.58200736376966,359.10324734319545,1.0,292.31605387094555,363.0797726588487,1.0,290.7057829252532,366.87285295546485,1.0,291.535358743124,369.3864970905342,1.0,273.55096044810733,301.19588156081113,1.0,246.5960554526921,232.36349804859688,1.0,262.8901084681122,280.8980220546257,1.0,258.66473841632984,266.6622209257292,1.0,252.8815358452041,253.96604652426174,1.0,264.0775877840657,249.6253587795671,1.0,240.67121116131833,285.9982726216803,1.0,249.42652005415746,213.91135226463663,1.0,234.55447496894607,225.46269027721036,1.0,282.98525428885756,104.61972128421486,1.0,295.4366040986377,121.15972162298004,1.0,296.5027269883352,121.71560423098171,1.0,295.09585904054126,122.8037364610238,1.0,294.7215158159418,120.94048555127554,1.0,294.03284659042725,123.32440838978543,1.0,272.32709663915824,92.94613117587087,1.0,249.73788580980946,43.55188367893321,1.0,260.9057128349354,76.68764175565317,1.0,255.11155822363736,66.7251351792948,1.0,250.98349045016067,61.657120264758376,1.0,243.1187052669788,68.79610801238577,1.0,247.02234054846,62.70408420837521,1.0,243.85923767453443,30.017220215541055,1.0,248.20253316509695,37.3335268920528,1.0,388.4194380111833,321.2491363953514,1.0,376.54648977001307,355.1614580295475,1.0,377.0590693213138,359.1734865283614,1.0,378.6968056050821,362.0401927360174,1.0,379.2944653218102,364.8653224543587,1.0,382.14657961727625,367.7292434010206,1.0,398.49905192160065,299.4165070944953,1.0,442.5236420525688,236.83430829814577,1.0,408.3167204618941,281.8567756452958,1.0,419.5565921685293,268.3088166750845,1.0,426.7595716860798,258.7791720092658,1.0,397.0795294841443,253.58984006779195,1.0,429.89568003248587,286.11607590053234,1.0,444.0241443347894,220.83137238163593,1.0,459.1551705529081,236.24099949895154,1.0
47,284.16068836199463,324.73167777526004,1.0,292.61519918991775,355.2535700225813,1.0,291.5102485634923,359.32219672530425,1.0,292.4350010896719,363.32913659501065,1.0,290.7917449365007,367.3801109566456,1.0,292.1305299052277,369.8860926624542,1.0,273.6913127992256,301.4272805152078,1.0,246.28779340764237,232.5854469282971,1.0,262.8710173071231,280.99770872654517,1.0,258.4561056561066,266.77325385594116,1.0,252.53821257803693,254.26314180577052,1.0,263.3894653864254,249.61159025698163,1.0,240.58850582190925,286.0887958490859,1.0,249.7866125120794,213.81909199195584,1.0,234.54726614552195,225.64603164878477,1.0,283.0778409671203,104.63707293600203,1.0,295.5328630287124,121.1852045193173,1.0,296.55618845059496,121.75120764406688,1.0,295.2036287540102,122.85914380645089,1.0,294.7570989041436,121.02438112175604,1.0,294.2556127403106,123.34041122183424,1.0,272.42483811536795,93.1197357722712,1.0,249.53186094999245,44.04273118403918,1.0,260.82364161041113,76.63336749985659,1.0,254.89318670807194,66.6032280509836,1.0,250.82799346869658,62.04754121565234,1.0,242.79670399180077,69.0086819073503,1.0,246.93904250749293,63.13558700242748,1.0,244.3956888934256,30.189452141467072,1.0,248.49809598236143,37.77140746553002,1.0,388.4496551197663,321.50188780883923,1.0,376.5685832023211,355.3487328960772,1.0,377.05168080578136,359.3339015583758,1.0,378.75731344277835,362.24379386733204,1.0,379.17444823557986,365.10548719422354,1.0,382.39268388367196,367.94468877979136,1.0,398.4654394937771,299.58998157944166,1.0,442.16076357357224,237.3655531990873,1.0,408.2104516009205,282.02831694422855,1.0,419.61509702071345,268.40851684973194,1.0,426.67691868486224,259.14203331937273,1.0,396.6288431234227,253.69266034432147,1.0,429.6418110563381,286.2682407553612,1.0,443.81322764491705,220.82569654576912,1.0,458.8767391829202,236.68084837114677,1.0
48,284.36588365824207,325.13298085973815,1.0,292.60570520984976,355.4490985849148,1.0,291.4774504505725,359.42578709639565,1.0,292.52322222124883,363.48367083885324,1.0,291.09189895292593,367.4106494328143,1.0,292.555265940014,370.1852853620766,1.0,273.77321283559775,301.57398993019467,1.0,245.94156770579082,232.82973354199106,1.0,262.8700347722791,281.05914867053485,1.0,258.22292473136895,266.8414572713785,1.0,252.0566986482996,254.90755220952724,1.0,262.9471244528697,249.59186759436352,1.0,240.5061252337136,286.12431533933426,1.0,250.06035449269862,213.72162113851692,1.0,234.49748897647348,225.81520476314483,1.0,283.15396581852565,104.64869949783085,1.0,295.60307702529894,121.2165138860895,1.0,296.58234897415406,121.77184487669605,1.0,295.27328525922417,122.89615656498782,1.0,294.73135102471963,121.0976910074405,1.0,294.40368937320136,123.33553355016647,1.0,272.4894801962018,93.2403541162675,1.0,249.2844428419702,44.58412898708406,1.0,260.78275140112515,76.6082235529168,1.0,254.67462398341948,66.43665584259004,1.0,250.50676499657015,62.52886357995031,1.0,242.57421014684505,69.0455306268465,1.0,246.8911064441784,63.4473249566176,1.0,244.71693917768832,30.471864279415378,1.0,248.65168430848152,38.12482987306886,1.0,388.4769629096377,321.7150716207081,1.0,376.58125048332096,355.50563118359383,1.0,377.04384159117404,359.4106269656176,1.0,378.79636190746635,362.36946999073183,1.0,379.0364520540711,364.98029828691216,1.0,382.5535633218287,368.05056927512555,1.0,398.4582550461015,299.69647540613573,1.0,441.7568249193234,237.95178767807988,1.0,408.1358854905823,282.13522905284736,1.0,419.7007020639029,268.44029875035267,1.0,426.42695865722067,259.8852216884542,1.0,396.3738129317074,253.75159781224104,1.0,429.47699124006004,286.3282241707,1.0,443.52347343863977,220.80915232729248,1.0,458.64046842698855,237.03036145492484,1.0
49,284.467232444015,325.31902614433096,1.0,292.60614381977814,355.50478256898697,1.0,291.4640550343212,359.47375216879766,1.0,292.58551317635545,363.53192802485455,1.0,291.26060009054646,367.44627752677854,1.0,292.6861413259757,370.309753612016,1.0,273.80149626814915,301.6344832245891,1.0,245.84163145077304,232.88340268239295,1.0,262.86750601908534,281.0856934825393,1.0,258.07771986816726,266.879357589593,1.0,251.87521478084972,255.0523037742107,1.0,262.70968719933194,249.57662062048263,1.0,240.4862800658347,286.1692359800315,1.0,250.15624485384112,213.68702751286912,1.0,234.5276637091948,225.84784617902534,1.0,283.1953059454361,104.652837029333,1.0,295.62347969223583,121.22904348767901,1.0,296.5981765772495,121.78078441946364,1.0,295.3051876098243,122.9074764334985,1.0,294.71449671179425,121.14765420126865,1.0,294.4552153254582,123.34383025116597,1.0,272.52372348513387,93.30723948871622,1.0,249.17458178734864,44.7825169317146,1.0,260.7626559225187,76.59305077877553,1.0,254.54172188258602,66.33631173103676,1.0,250.43626336248295,62.74912538130679,1.0,242.44676814186533,69.02555330655125,1.0,246.8642789570395,63.551696435591644,1.0,244.8578375927919,30.64642358878845,1.0,248.77639944978063,38.261054764679976,1.0,388.5012478938002,321.80277840013594,1.0,376.5803586725842,355.55120317256706,1.0,377.0401464897797,359.4479438810736,1.0,378.81692881785034,362.40829142912105,1.0,378.9495240252813,364.91790951643463,1.0,382.6111620568636,368.1100215588662,1.0,398.46035283413886,299.73986664354584,1.0,441.5954693129998,238.13563503716006,1.0,408.09440534241025,282.18589766290313,1.0,419.7567782210061,268.45518025368295,1.0,426.38952170604955,260.0662988466278,1.0,396.24628133184547,253.77970468045285,1.0,429.4101315788788,286.38517056606133,1.0,443.3671508321799,220.82091412800426,1.0,458.557818190964,237.14640417859366,1.0
50,284.5091640156623,325.3920132258544,1.0,292.607548770417,355.51945836779515,1.0,291.45944994456926,359.49250751318414,1.0,292.61652735310156,363.54600843452897,1.0,291.33716157441756,367.4664595330071,1.0,292.72314422307494,370.35548749609035,1.0,273.8100021829858,301.6566775115314,1.0,245.81703222751307,232.889684791025,1.0,262.8657813800572,281.0953011294013,1.0,258.00807628585227,266.89622483254976,1.0,251.8086351237008,255.07921018404963,1.0,262.60617824647517,249.56849474774836,1.0,240.48307281814004,286.1949860540492,1.0,250.1838610666177,213.67711366322163,1.0,234.55328226275773,225.84965489780743,1.0,283.2136418006184,104.65403444263958,1.0,295.62903292536913,121.23381649907449,1.0,296.6056752343776,121.7840697984901,1.0,295.3181979603493,122.91079104759365,1.0,294.7061975143214,121.17244688175984,1.0,294.47168403556753,123.3494458440216,1.0,272.5389459527463,93.33774285933399,1.0,249.13207272426223,44.85036246148246,1.0,260.7544456139318,76.58588845098593,1.0,254.4789168925754,66.28926168520344,1.0,250.42550188886423,62.84299784060365,1.0,242.38866205538528,69.00423900747585,1.0,246.8521739664521,63.58344903139662,1.0,244.91164339020392,30.728516222456452,1.0,248.84005116461577,38.31027376057835,1.0,388.51482372015363,321.83330769924896,1.0,376.5782903244511,355.5635844320148,1.0,377.0386708468123,359.4631678117201,1.0,378.82595416945463,362.4194504232016,1.0,378.90782494283184,364.8912536917822,1.0,382.63003825478637,368.13557984064244,1.0,398.46277218835,299.7556372846114,1.0,441.5360647959061,238.18802224322957,1.0,408.0757748586049,282.20598196050275,1.0,419.78448796175996,268.46093942280777,1.0,426.39068743996893,260.1067909606263,1.0,396.1936336146237,253.79083567598772,1.0,429.3855189483109,286.4159820574572,1.0,443.2992418258699,220.83211563152662,1.0,458.5303231179844,237.18198120348353,1.0
